_id,Year,GEO_ID,CountyName,StateName,StateCode,CountyCode,TotalEstimate,TotalMargin
1,2013,0500000US51095,James City County,Virginia,51,95,76960,2165
2,2013,0500000US51167,Russell County,Virginia,51,167,33872,2120
3,2013,0500000US51173,Smyth County,Virginia,51,173,37239,2192
4,2013,0500000US51515,Bedford city,Virginia,51,515,35593,5834
5,2013,0500000US51678,Lexington city,Virginia,51,678,36505,6973
6,2013,0500000US51031,Campbell County,Virginia,51,31,47162,2374
7,2013,0500000US51089,Henry County,Virginia,51,89,34984,1207
8,2013,0500000US51099,King George County,Virginia,51,99,81753,3879
9,2013,0500000US51103,Lancaster County,Virginia,51,103,49248,5110
10,2013,0500000US51105,Lee County,Virginia,51,105,31308,1776
11,2013,0500000US51115,Mathews County,Virginia,51,115,55192,10862
12,2013,0500000US51147,Prince Edward County,Virginia,51,147,37436,3383
13,2013,0500000US51149,Prince George County,Virginia,51,149,63074,5194
14,2013,0500000US51165,Rockingham County,Virginia,51,165,52195,1698
15,2013,0500000US51169,Scott County,Virginia,51,169,38355,2238
16,2013,0500000US51181,Surry County,Virginia,51,181,47292,7922
17,2013,0500000US51011,Appomattox County,Virginia,51,11,50167,3948
18,2013,0500000US51067,Franklin County,Virginia,51,67,45624,1929
19,2013,0500000US51117,Mecklenburg County,Virginia,51,117,36261,2387
20,2013,0500000US51121,Montgomery County,Virginia,51,121,45543,1756
21,2013,0500000US51015,Augusta County,Virginia,51,15,52027,2204
22,2013,0500000US51049,Cumberland County,Virginia,51,49,40557,7133
23,2013,0500000US51075,Goochland County,Virginia,51,75,80976,5829
24,2013,0500000US51083,Halifax County,Virginia,51,83,34659,2268
25,2013,0500000US51113,Madison County,Virginia,51,113,53459,3128
26,2013,0500000US51153,Prince William County,Virginia,51,153,98071,1668
27,2013,0500000US51175,Southampton County,Virginia,51,175,46150,3633
28,2013,0500000US51025,Brunswick County,Virginia,51,25,36293,2482
29,2013,0500000US51033,Caroline County,Virginia,51,33,57218,4588
30,2013,0500000US51131,Northampton County,Virginia,51,131,33635,4481
31,2013,0500000US51141,Patrick County,Virginia,51,141,34864,2345
32,2013,0500000US51163,Rockbridge County,Virginia,51,163,48313,3448
33,2013,0500000US51171,Shenandoah County,Virginia,51,171,49625,2770
34,2013,0500000US51720,Norton city,Virginia,51,720,39416,8522
35,2013,0500000US51790,Staunton city,Virginia,51,790,38501,2246
36,2013,0500000US51065,Fluvanna County,Virginia,51,65,68288,3968
37,2013,0500000US51007,Amelia County,Virginia,51,7,52885,4718
38,2013,0500000US51750,Radford city,Virginia,51,750,30714,5936
39,2013,0500000US51840,Winchester city,Virginia,51,840,44200,2441
40,2013,0500000US51001,Accomack County,Virginia,51,1,39328,3034
41,2013,0500000US51045,Craig County,Virginia,51,45,47806,7364
42,2013,0500000US51063,Floyd County,Virginia,51,63,44618,3719
43,2013,0500000US51071,Giles County,Virginia,51,71,45141,2777
44,2013,0500000US51077,Grayson County,Virginia,51,77,30710,3106
45,2013,0500000US51135,Nottoway County,Virginia,51,135,36607,2571
46,2013,0500000US51157,Rappahannock County,Virginia,51,157,56438,6082
47,2013,0500000US51036,Charles City County,Virginia,51,36,48428,2018
48,2013,0500000US51047,Culpeper County,Virginia,51,47,64423,4002
49,2013,0500000US51053,Dinwiddie County,Virginia,51,53,52027,2185
50,2013,0500000US51079,Greene County,Virginia,51,79,59358,3928
51,2013,0500000US51085,Hanover County,Virginia,51,85,75070,1936
52,2013,0500000US51111,Lunenburg County,Virginia,51,111,35237,3721
53,2013,0500000US51137,Orange County,Virginia,51,137,60287,2908
54,2013,0500000US51595,Emporia city,Virginia,51,595,32155,4192
55,2013,0500000US51197,Wythe County,Virginia,51,197,41275,2416
56,2013,0500000US51570,Colonial Heights city,Virginia,51,570,50835,3026
57,2013,0500000US51660,Harrisonburg city,Virginia,51,660,38048,2089
58,2013,0500000US51021,Bland County,Virginia,51,21,42139,3626
59,2013,0500000US51023,Botetourt County,Virginia,51,23,65935,3632
60,2013,0500000US51029,Buckingham County,Virginia,51,29,38648,2875
61,2013,0500000US51520,Bristol city,Virginia,51,520,32221,3099
62,2013,0500000US51580,Covington city,Virginia,51,580,34319,3077
63,2013,0500000US51830,Williamsburg city,Virginia,51,830,48616,2700
64,2013,0500000US51810,Virginia Beach city,Virginia,51,810,65219,859
65,2013,0500000US51035,Carroll County,Virginia,51,35,32853,2192
66,2013,0500000US51191,Washington County,Virginia,51,191,41897,2436
67,2013,0500000US51193,Westmoreland County,Virginia,51,193,49157,3913
68,2013,0500000US51139,Page County,Virginia,51,139,42906,2147
69,2013,0500000US51155,Pulaski County,Virginia,51,155,44312,2021
70,2013,0500000US51510,Alexandria city,Virginia,51,510,85706,2296
71,2013,0500000US51590,Danville city,Virginia,51,590,30786,1595
72,2013,0500000US51650,Hampton city,Virginia,51,650,50705,1412
73,2013,0500000US51009,Amherst County,Virginia,51,9,44945,3149
74,2013,0500000US51017,Bath County,Virginia,51,17,51365,6510
75,2013,0500000US51027,Buchanan County,Virginia,51,27,29848,2537
76,2013,0500000US51700,Newport News city,Virginia,51,700,51027,966
77,2013,0500000US51179,Stafford County,Virginia,51,179,97110,2291
78,2013,0500000US51680,Lynchburg city,Virginia,51,680,38138,1832
79,2013,0500000US51760,Richmond city,Virginia,51,760,40496,963
80,2013,0500000US51690,Martinsville city,Virginia,51,690,28116,3512
81,2013,0500000US51057,Essex County,Virginia,51,57,44885,4502
82,2013,0500000US51185,Tazewell County,Virginia,51,185,35693,2281
83,2013,0500000US51530,Buena Vista city,Virginia,51,530,36591,8171
84,2013,0500000US51685,Manassas Park city,Virginia,51,685,71227,4405
85,2013,0500000US51730,Petersburg city,Virginia,51,730,34424,2621
86,2013,0500000US51183,Sussex County,Virginia,51,183,39635,3529
87,2013,0500000US51600,Fairfax city,Virginia,51,600,97242,7930
88,2013,0500000US51683,Manassas city,Virginia,51,683,71036,3067
89,2013,0500000US51770,Roanoke city,Virginia,51,770,38145,1657
90,2013,0500000US51800,Suffolk city,Virginia,51,800,66085,1952
91,2013,0500000US51037,Charlotte County,Virginia,51,37,33015,3482
92,2013,0500000US51041,Chesterfield County,Virginia,51,41,72088,1012
93,2013,0500000US51081,Greensville County,Virginia,51,81,39697,3664
94,2013,0500000US51093,Isle of Wight County,Virginia,51,93,63942,1998
95,2013,0500000US51620,Franklin city,Virginia,51,620,31928,2679
96,2013,0500000US51540,Charlottesville city,Virginia,51,540,44601,3664
97,2013,0500000US51087,Henrico County,Virginia,51,87,61048,1013
98,2013,0500000US51101,King William County,Virginia,51,101,62670,3400
99,2013,0500000US51109,Louisa County,Virginia,51,109,54518,4024
100,2013,0500000US51119,Middlesex County,Virginia,51,119,53309,4393
101,2013,0500000US51159,Richmond County,Virginia,51,159,47083,6346
102,2013,0500000US51177,Spotsylvania County,Virginia,51,177,78345,2456
103,2013,0500000US51043,Clarke County,Virginia,51,43,77597,6142
104,2013,0500000US51097,King and Queen County,Virginia,51,97,48372,3388
105,2013,0500000US51127,New Kent County,Virginia,51,127,70618,4365
106,2013,0500000US51051,Dickenson County,Virginia,51,51,33318,2122
107,2013,0500000US51107,Loudoun County,Virginia,51,107,122238,1652
108,2013,0500000US51161,Roanoke County,Virginia,51,161,60795,1898
109,2013,0500000US51091,Highland County,Virginia,51,91,49625,7714
110,2013,0500000US51073,Gloucester County,Virginia,51,73,60519,2722
111,2013,0500000US51145,Powhatan County,Virginia,51,145,76548,5576
112,2013,0500000US51061,Fauquier County,Virginia,51,61,88409,3809
113,2013,0500000US51550,Chesapeake city,Virginia,51,550,69743,1753
114,2013,0500000US51003,Albemarle County,Virginia,51,3,67725,2567
115,2013,0500000US51019,Bedford County,Virginia,51,19,57596,2027
116,2013,0500000US51195,Wise County,Virginia,51,195,36218,1642
117,2013,0500000US51740,Portsmouth city,Virginia,51,740,46166,1500
118,2013,0500000US51005,Alleghany County,Virginia,51,5,44848,2336
119,2013,0500000US51640,Galax city,Virginia,51,640,30325,4344
120,2013,0500000US51133,Northumberland County,Virginia,51,133,51342,4369
121,2013,0500000US51187,Warren County,Virginia,51,187,61610,3321
122,2013,0500000US51630,Fredericksburg city,Virginia,51,630,47040,3240
123,2013,0500000US51013,Arlington County,Virginia,51,13,103208,2096
124,2013,0500000US51670,Hopewell city,Virginia,51,670,37933,2313
125,2013,0500000US51069,Frederick County,Virginia,51,69,68424,2800
126,2013,0500000US51199,York County,Virginia,51,199,82073,2253
127,2013,0500000US51125,Nelson County,Virginia,51,125,48789,3464
128,2013,0500000US51143,Pittsylvania County,Virginia,51,143,42143,1383
129,2013,0500000US51610,Falls Church city,Virginia,51,610,120000,10585
130,2013,0500000US51735,Poquoson city,Virginia,51,735,81892,7214
131,2013,0500000US51820,Waynesboro city,Virginia,51,820,44847,2922
132,2013,0500000US51775,Salem city,Virginia,51,775,48733,3207
133,2013,0500000US51710,Norfolk city,Virginia,51,710,44747,1097
134,2013,0500000US51059,Fairfax County,Virginia,51,59,110292,933
135,2014,0500000US51095,James City County,Virginia,51,95,76705,2556
136,2014,0500000US51167,Russell County,Virginia,51,167,34768,3584
137,2014,0500000US51173,Smyth County,Virginia,51,173,37880,1991
138,2014,0500000US51540,Charlottesville city,Virginia,51,540,47218,3095
139,2014,0500000US51031,Campbell County,Virginia,51,31,47055,2629
140,2014,0500000US51087,Henrico County,Virginia,51,87,61438,1048
141,2014,0500000US51099,King George County,Virginia,51,99,83071,5434
142,2014,0500000US51103,Lancaster County,Virginia,51,103,49456,3365
143,2014,0500000US51105,Lee County,Virginia,51,105,31264,1981
144,2014,0500000US51115,Mathews County,Virginia,51,115,63157,6196
145,2014,0500000US51119,Middlesex County,Virginia,51,119,54452,4095
146,2014,0500000US51149,Prince George County,Virginia,51,149,61071,3301
147,2014,0500000US51159,Richmond County,Virginia,51,159,47199,4654
148,2014,0500000US51169,Scott County,Virginia,51,169,36579,2756
149,2014,0500000US51177,Spotsylvania County,Virginia,51,177,78505,2156
150,2014,0500000US51011,Appomattox County,Virginia,51,11,47927,3002
151,2014,0500000US51067,Franklin County,Virginia,51,67,44827,2817
152,2014,0500000US51049,Cumberland County,Virginia,51,49,41484,5959
153,2014,0500000US51097,King and Queen County,Virginia,51,97,47804,3103
154,2014,0500000US51121,Montgomery County,Virginia,51,121,44810,2199
155,2014,0500000US51127,New Kent County,Virginia,51,127,73030,5344
156,2014,0500000US51051,Dickenson County,Virginia,51,51,33106,2226
157,2014,0500000US51083,Halifax County,Virginia,51,83,35093,2059
158,2014,0500000US51107,Loudoun County,Virginia,51,107,123966,1443
159,2014,0500000US51153,Prince William County,Virginia,51,153,98514,1689
160,2014,0500000US51175,Southampton County,Virginia,51,175,49690,4434
161,2014,0500000US51091,Highland County,Virginia,51,91,44132,5784
162,2014,0500000US51033,Caroline County,Virginia,51,33,58417,3012
163,2014,0500000US51073,Gloucester County,Virginia,51,73,60980,4774
164,2014,0500000US51141,Patrick County,Virginia,51,141,34753,2684
165,2014,0500000US51145,Powhatan County,Virginia,51,145,75447,4434
166,2014,0500000US51171,Shenandoah County,Virginia,51,171,47936,2949
167,2014,0500000US51061,Fauquier County,Virginia,51,61,92078,3739
168,2014,0500000US51790,Staunton city,Virginia,51,790,39982,2611
169,2014,0500000US51065,Fluvanna County,Virginia,51,65,64641,2895
170,2014,0500000US51007,Amelia County,Virginia,51,7,55870,6467
171,2014,0500000US51750,Radford city,Virginia,51,750,30284,6026
172,2014,0500000US51840,Winchester city,Virginia,51,840,44731,2463
173,2014,0500000US51001,Accomack County,Virginia,51,1,39389,2682
174,2014,0500000US51045,Craig County,Virginia,51,45,46658,7656
175,2014,0500000US51063,Floyd County,Virginia,51,63,47543,4382
176,2014,0500000US51071,Giles County,Virginia,51,71,45919,2245
177,2014,0500000US51077,Grayson County,Virginia,51,77,28892,1738
178,2014,0500000US51135,Nottoway County,Virginia,51,135,35911,3365
179,2014,0500000US51157,Rappahannock County,Virginia,51,157,59753,4922
180,2014,0500000US51036,Charles City County,Virginia,51,36,48088,3539
181,2014,0500000US51047,Culpeper County,Virginia,51,47,65235,3402
182,2014,0500000US51053,Dinwiddie County,Virginia,51,53,52328,2521
183,2014,0500000US51079,Greene County,Virginia,51,79,63739,5386
184,2014,0500000US51085,Hanover County,Virginia,51,85,77550,2122
185,2014,0500000US51111,Lunenburg County,Virginia,51,111,37881,3376
186,2014,0500000US51137,Orange County,Virginia,51,137,63538,3159
187,2014,0500000US51595,Emporia city,Virginia,51,595,30240,6273
188,2014,0500000US51197,Wythe County,Virginia,51,197,40185,2450
189,2014,0500000US51550,Chesapeake city,Virginia,51,550,70176,1583
190,2014,0500000US51660,Harrisonburg city,Virginia,51,660,38807,2285
191,2014,0500000US51003,Albemarle County,Virginia,51,3,67958,3606
192,2014,0500000US51019,Bedford County,Virginia,51,19,56043,1550
193,2014,0500000US51029,Buckingham County,Virginia,51,29,38484,3145
194,2014,0500000US51195,Wise County,Virginia,51,195,37357,2403
195,2014,0500000US51580,Covington city,Virginia,51,580,38176,4946
196,2014,0500000US51740,Portsmouth city,Virginia,51,740,46239,1421
197,2014,0500000US51810,Virginia Beach city,Virginia,51,810,67001,938
198,2014,0500000US51005,Alleghany County,Virginia,51,5,45183,2986
199,2014,0500000US51640,Galax city,Virginia,51,640,30430,4273
200,2014,0500000US51193,Westmoreland County,Virginia,51,193,48750,6400
201,2014,0500000US51133,Northumberland County,Virginia,51,133,50774,3849
202,2014,0500000US51155,Pulaski County,Virginia,51,155,45635,2909
203,2014,0500000US51187,Warren County,Virginia,51,187,60560,4674
204,2014,0500000US51017,Bath County,Virginia,51,17,46153,5766
205,2014,0500000US51590,Danville city,Virginia,51,590,32173,1426
206,2014,0500000US51630,Fredericksburg city,Virginia,51,630,49454,3074
207,2014,0500000US51009,Amherst County,Virginia,51,9,44765,2799
208,2014,0500000US51670,Hopewell city,Virginia,51,670,39156,2372
209,2014,0500000US51700,Newport News city,Virginia,51,700,51000,1081
210,2014,0500000US51069,Frederick County,Virginia,51,69,68719,3058
211,2014,0500000US51680,Lynchburg city,Virginia,51,680,39391,1539
212,2014,0500000US51199,York County,Virginia,51,199,80900,2698
213,2014,0500000US51690,Martinsville city,Virginia,51,690,27746,3802
214,2014,0500000US51125,Nelson County,Virginia,51,125,50131,4827
215,2014,0500000US51143,Pittsylvania County,Virginia,51,143,42311,1548
216,2014,0500000US51530,Buena Vista city,Virginia,51,530,32789,6070
217,2014,0500000US51610,Falls Church city,Virginia,51,610,120500,7427
218,2014,0500000US51730,Petersburg city,Virginia,51,730,33927,2450
219,2014,0500000US51735,Poquoson city,Virginia,51,735,83460,8664
220,2014,0500000US51600,Fairfax city,Virginia,51,600,100584,6960
221,2014,0500000US51820,Waynesboro city,Virginia,51,820,45499,2620
222,2014,0500000US51770,Roanoke city,Virginia,51,770,39530,1248
223,2014,0500000US51800,Suffolk city,Virginia,51,800,66822,2281
224,2014,0500000US51710,Norfolk city,Virginia,51,710,44150,1021
225,2014,0500000US51041,Chesterfield County,Virginia,51,41,72514,992
226,2014,0500000US51059,Fairfax County,Virginia,51,59,112102,1006
227,2014,0500000US51093,Isle of Wight County,Virginia,51,93,65910,3178
228,2014,0500000US51620,Franklin city,Virginia,51,620,33133,4309
229,2014,0500000US51678,Lexington city,Virginia,51,678,36840,5818
230,2014,0500000US51089,Henry County,Virginia,51,89,34344,1278
231,2014,0500000US51101,King William County,Virginia,51,101,63560,4684
232,2014,0500000US51109,Louisa County,Virginia,51,109,57126,4429
233,2014,0500000US51147,Prince Edward County,Virginia,51,147,37238,4449
234,2014,0500000US51165,Rockingham County,Virginia,51,165,53728,1686
235,2014,0500000US51181,Surry County,Virginia,51,181,51527,5300
236,2014,0500000US51043,Clarke County,Virginia,51,43,75508,4978
237,2014,0500000US51117,Mecklenburg County,Virginia,51,117,37756,2719
238,2014,0500000US51015,Augusta County,Virginia,51,15,54018,1636
239,2014,0500000US51075,Goochland County,Virginia,51,75,82460,4541
240,2014,0500000US51113,Madison County,Virginia,51,113,51641,5412
241,2014,0500000US51161,Roanoke County,Virginia,51,161,60950,1892
242,2014,0500000US51025,Brunswick County,Virginia,51,25,37028,2324
243,2014,0500000US51131,Northampton County,Virginia,51,131,34656,3267
244,2014,0500000US51163,Rockbridge County,Virginia,51,163,48550,3554
245,2014,0500000US51720,Norton city,Virginia,51,720,36148,6926
246,2014,0500000US51570,Colonial Heights city,Virginia,51,570,52529,2919
247,2014,0500000US51021,Bland County,Virginia,51,21,43508,3429
248,2014,0500000US51023,Botetourt County,Virginia,51,23,63011,4542
249,2014,0500000US51520,Bristol city,Virginia,51,520,33616,4058
250,2014,0500000US51830,Williamsburg city,Virginia,51,830,48057,4448
251,2014,0500000US51035,Carroll County,Virginia,51,35,33495,2345
252,2014,0500000US51191,Washington County,Virginia,51,191,42458,2081
253,2014,0500000US51139,Page County,Virginia,51,139,43063,2189
254,2014,0500000US51510,Alexandria city,Virginia,51,510,87319,2506
255,2014,0500000US51650,Hampton city,Virginia,51,650,49879,1767
256,2014,0500000US51013,Arlington County,Virginia,51,13,105120,1902
257,2014,0500000US51027,Buchanan County,Virginia,51,27,29678,2188
258,2014,0500000US51179,Stafford County,Virginia,51,179,98721,2449
259,2014,0500000US51760,Richmond city,Virginia,51,760,41331,939
260,2014,0500000US51057,Essex County,Virginia,51,57,42143,4251
261,2014,0500000US51185,Tazewell County,Virginia,51,185,36248,1974
262,2014,0500000US51685,Manassas Park city,Virginia,51,685,73460,4357
263,2014,0500000US51183,Sussex County,Virginia,51,183,36972,4640
264,2014,0500000US51683,Manassas city,Virginia,51,683,71215,4388
265,2014,0500000US51775,Salem city,Virginia,51,775,50590,2117
266,2014,0500000US51037,Charlotte County,Virginia,51,37,34820,3203
267,2014,0500000US51081,Greensville County,Virginia,51,81,38933,4028
268,2015,0500000US51095,James City County,Virginia,51,95,75710,2922
269,2015,0500000US51167,Russell County,Virginia,51,167,35045,3038
270,2015,0500000US51173,Smyth County,Virginia,51,173,37983,1553
271,2015,0500000US51540,Charlottesville city,Virginia,51,540,49775,3042
272,2015,0500000US51031,Campbell County,Virginia,51,31,47699,2817
273,2015,0500000US51087,Henrico County,Virginia,51,87,61934,954
274,2015,0500000US51099,King George County,Virginia,51,99,81688,2511
275,2015,0500000US51103,Lancaster County,Virginia,51,103,50374,5580
276,2015,0500000US51105,Lee County,Virginia,51,105,31086,2013
277,2015,0500000US51115,Mathews County,Virginia,51,115,63845,5703
278,2015,0500000US51119,Middlesex County,Virginia,51,119,54654,2879
279,2015,0500000US51149,Prince George County,Virginia,51,149,61857,3468
280,2015,0500000US51159,Richmond County,Virginia,51,159,47288,6065
281,2015,0500000US51169,Scott County,Virginia,51,169,37240,1803
282,2015,0500000US51177,Spotsylvania County,Virginia,51,177,78125,2699
283,2015,0500000US51011,Appomattox County,Virginia,51,11,48823,2438
284,2015,0500000US51067,Franklin County,Virginia,51,67,46870,2784
285,2015,0500000US51097,King and Queen County,Virginia,51,97,48292,3864
286,2015,0500000US51121,Montgomery County,Virginia,51,121,46663,2521
287,2015,0500000US51127,New Kent County,Virginia,51,127,73041,6494
288,2015,0500000US51083,Halifax County,Virginia,51,83,35240,2552
289,2015,0500000US51107,Loudoun County,Virginia,51,107,123453,1436
290,2015,0500000US51153,Prince William County,Virginia,51,153,98657,1268
291,2015,0500000US51175,Southampton County,Virginia,51,175,48962,4005
292,2015,0500000US51091,Highland County,Virginia,51,91,43914,5532
293,2015,0500000US51033,Caroline County,Virginia,51,33,59227,4268
294,2015,0500000US51073,Gloucester County,Virginia,51,73,61121,4014
295,2015,0500000US51141,Patrick County,Virginia,51,141,33982,4111
296,2015,0500000US51145,Powhatan County,Virginia,51,145,77896,3407
297,2015,0500000US51171,Shenandoah County,Virginia,51,171,49406,3055
298,2015,0500000US51061,Fauquier County,Virginia,51,61,91609,3727
299,2015,0500000US51790,Staunton city,Virginia,51,790,40842,2458
300,2015,0500000US51065,Fluvanna County,Virginia,51,65,63938,3207
301,2015,0500000US51007,Amelia County,Virginia,51,7,56850,7882
302,2015,0500000US51750,Radford city,Virginia,51,750,29912,5745
303,2015,0500000US51840,Winchester city,Virginia,51,840,45363,2293
304,2015,0500000US51001,Accomack County,Virginia,51,1,39412,2723
305,2015,0500000US51045,Craig County,Virginia,51,45,44330,5528
306,2015,0500000US51063,Floyd County,Virginia,51,63,48005,4456
307,2015,0500000US51071,Giles County,Virginia,51,71,46390,1866
308,2015,0500000US51077,Grayson County,Virginia,51,77,29942,1952
309,2015,0500000US51135,Nottoway County,Virginia,51,135,36284,1965
310,2015,0500000US51157,Rappahannock County,Virginia,51,157,57210,4021
311,2015,0500000US51036,Charles City County,Virginia,51,36,49563,3732
312,2015,0500000US51047,Culpeper County,Virginia,51,47,66697,3512
313,2015,0500000US51053,Dinwiddie County,Virginia,51,53,51397,2129
314,2015,0500000US51079,Greene County,Virginia,51,79,61550,5109
315,2015,0500000US51085,Hanover County,Virginia,51,85,78645,2618
316,2015,0500000US51111,Lunenburg County,Virginia,51,111,39506,3696
317,2015,0500000US51137,Orange County,Virginia,51,137,65166,2789
318,2015,0500000US51595,Emporia city,Virginia,51,595,28601,5096
319,2015,0500000US51197,Wythe County,Virginia,51,197,41360,2679
320,2015,0500000US51550,Chesapeake city,Virginia,51,550,68620,1695
321,2015,0500000US51660,Harrisonburg city,Virginia,51,660,38750,2789
322,2015,0500000US51003,Albemarle County,Virginia,51,3,68449,3020
323,2015,0500000US51019,Bedford County,Virginia,51,19,56316,1620
324,2015,0500000US51029,Buckingham County,Virginia,51,29,40331,2976
325,2015,0500000US51195,Wise County,Virginia,51,195,37407,3099
326,2015,0500000US51580,Covington city,Virginia,51,580,34746,3605
327,2015,0500000US51049,Cumberland County,Virginia,51,49,39301,6122
328,2015,0500000US51051,Dickenson County,Virginia,51,51,33624,3355
329,2015,0500000US51740,Portsmouth city,Virginia,51,740,45676,1325
330,2015,0500000US51810,Virginia Beach city,Virginia,51,810,66634,918
331,2015,0500000US51005,Alleghany County,Virginia,51,5,45007,2876
332,2015,0500000US51640,Galax city,Virginia,51,640,30604,2670
333,2015,0500000US51193,Westmoreland County,Virginia,51,193,47911,6049
334,2015,0500000US51133,Northumberland County,Virginia,51,133,51885,3617
335,2015,0500000US51155,Pulaski County,Virginia,51,155,47495,3279
336,2015,0500000US51187,Warren County,Virginia,51,187,61454,5225
337,2015,0500000US51590,Danville city,Virginia,51,590,32315,1578
338,2015,0500000US51630,Fredericksburg city,Virginia,51,630,51762,5045
339,2015,0500000US51009,Amherst County,Virginia,51,9,47558,3068
340,2015,0500000US51017,Bath County,Virginia,51,17,43646,7122
341,2015,0500000US51670,Hopewell city,Virginia,51,670,39064,2675
342,2015,0500000US51700,Newport News city,Virginia,51,700,50077,1054
343,2015,0500000US51069,Frederick County,Virginia,51,69,69098,3616
344,2015,0500000US51680,Lynchburg city,Virginia,51,680,39589,1379
345,2015,0500000US51199,York County,Virginia,51,199,81749,3290
346,2015,0500000US51690,Martinsville city,Virginia,51,690,29587,3621
347,2015,0500000US51143,Pittsylvania County,Virginia,51,143,41824,1284
348,2015,0500000US51530,Buena Vista city,Virginia,51,530,29097,4461
349,2015,0500000US51610,Falls Church city,Virginia,51,610,120522,7243
350,2015,0500000US51730,Petersburg city,Virginia,51,730,31798,1732
351,2015,0500000US51735,Poquoson city,Virginia,51,735,83735,6283
352,2015,0500000US51600,Fairfax city,Virginia,51,600,105297,7530
353,2015,0500000US51820,Waynesboro city,Virginia,51,820,45643,2406
354,2015,0500000US51770,Roanoke city,Virginia,51,770,39930,1326
355,2015,0500000US51800,Suffolk city,Virginia,51,800,65499,1792
356,2015,0500000US51710,Norfolk city,Virginia,51,710,44480,1077
357,2015,0500000US51041,Chesterfield County,Virginia,51,41,72609,1175
358,2015,0500000US51059,Fairfax County,Virginia,51,59,112552,1041
359,2015,0500000US51125,Nelson County,Virginia,51,125,47118,6098
360,2015,0500000US51093,Isle of Wight County,Virginia,51,93,65741,3250
361,2015,0500000US51620,Franklin city,Virginia,51,620,32399,4457
362,2015,0500000US51678,Lexington city,Virginia,51,678,34017,5075
363,2015,0500000US51089,Henry County,Virginia,51,89,35293,1337
364,2015,0500000US51101,King William County,Virginia,51,101,62031,3513
365,2015,0500000US51109,Louisa County,Virginia,51,109,57829,3890
366,2015,0500000US51147,Prince Edward County,Virginia,51,147,41697,3991
367,2015,0500000US51165,Rockingham County,Virginia,51,165,53744,1500
368,2015,0500000US51181,Surry County,Virginia,51,181,53673,4311
369,2015,0500000US51043,Clarke County,Virginia,51,43,71295,4893
370,2015,0500000US51117,Mecklenburg County,Virginia,51,117,37356,2391
371,2015,0500000US51015,Augusta County,Virginia,51,15,54558,1909
372,2015,0500000US51075,Goochland County,Virginia,51,75,79330,5125
373,2015,0500000US51113,Madison County,Virginia,51,113,47736,4973
374,2015,0500000US51161,Roanoke County,Virginia,51,161,60519,2016
375,2015,0500000US51025,Brunswick County,Virginia,51,25,36919,2485
376,2015,0500000US51131,Northampton County,Virginia,51,131,35055,2997
377,2015,0500000US51163,Rockbridge County,Virginia,51,163,48901,3747
378,2015,0500000US51720,Norton city,Virginia,51,720,27731,9027
379,2015,0500000US51570,Colonial Heights city,Virginia,51,570,50304,3528
380,2015,0500000US51021,Bland County,Virginia,51,21,45294,3389
381,2015,0500000US51023,Botetourt County,Virginia,51,23,60454,2689
382,2015,0500000US51520,Bristol city,Virginia,51,520,35368,3636
383,2015,0500000US51830,Williamsburg city,Virginia,51,830,48639,4653
384,2015,0500000US51035,Carroll County,Virginia,51,35,35000,2955
385,2015,0500000US51191,Washington County,Virginia,51,191,43310,1910
386,2015,0500000US51139,Page County,Virginia,51,139,43895,2183
387,2015,0500000US51510,Alexandria city,Virginia,51,510,89134,2597
388,2015,0500000US51650,Hampton city,Virginia,51,650,49190,1493
389,2015,0500000US51013,Arlington County,Virginia,51,13,105763,2428
390,2015,0500000US51027,Buchanan County,Virginia,51,27,29679,1966
391,2015,0500000US51179,Stafford County,Virginia,51,179,97144,2422
392,2015,0500000US51760,Richmond city,Virginia,51,760,40758,778
393,2015,0500000US51057,Essex County,Virginia,51,57,42760,5157
394,2015,0500000US51185,Tazewell County,Virginia,51,185,37664,1874
395,2015,0500000US51685,Manassas Park city,Virginia,51,685,73528,5329
396,2015,0500000US51183,Sussex County,Virginia,51,183,39194,4305
397,2015,0500000US51683,Manassas city,Virginia,51,683,72890,2825
398,2015,0500000US51775,Salem city,Virginia,51,775,50068,3333
399,2015,0500000US51037,Charlotte County,Virginia,51,37,35079,5329
400,2015,0500000US51081,Greensville County,Virginia,51,81,38012,3342
401,2016,0500000US51810,Virginia Beach city,Virginia,51,810,67719,1013
402,2016,0500000US51005,Alleghany County,Virginia,51,5,45538,3210
403,2016,0500000US51640,Galax city,Virginia,51,640,31110,3859
404,2016,0500000US51193,Westmoreland County,Virginia,51,193,51566,3199
405,2016,0500000US51133,Northumberland County,Virginia,51,133,54440,4806
406,2016,0500000US51155,Pulaski County,Virginia,51,155,49469,2511
407,2016,0500000US51187,Warren County,Virginia,51,187,63734,3841
408,2016,0500000US51590,Danville city,Virginia,51,590,33721,1748
409,2016,0500000US51630,Fredericksburg city,Virginia,51,630,53980,3572
410,2016,0500000US51009,Amherst County,Virginia,51,9,47002,2852
411,2016,0500000US51017,Bath County,Virginia,51,17,44985,4210
412,2016,0500000US51670,Hopewell city,Virginia,51,670,40814,1932
413,2016,0500000US51700,Newport News city,Virginia,51,700,50089,1008
414,2016,0500000US51069,Frederick County,Virginia,51,69,68929,2661
415,2016,0500000US51680,Lynchburg city,Virginia,51,680,40728,1450
416,2016,0500000US51199,York County,Virginia,51,199,83410,3325
417,2016,0500000US51690,Martinsville city,Virginia,51,690,31719,3713
418,2016,0500000US51125,Nelson County,Virginia,51,125,50994,4088
419,2016,0500000US51143,Pittsylvania County,Virginia,51,143,43087,1436
420,2016,0500000US51530,Buena Vista city,Virginia,51,530,29109,4098
421,2016,0500000US51610,Falls Church city,Virginia,51,610,115244,5404
422,2016,0500000US51730,Petersburg city,Virginia,51,730,32169,1965
423,2016,0500000US51735,Poquoson city,Virginia,51,735,84643,8524
424,2016,0500000US51600,Fairfax city,Virginia,51,600,104065,6427
425,2016,0500000US51820,Waynesboro city,Virginia,51,820,45097,4031
426,2016,0500000US51770,Roanoke city,Virginia,51,770,39201,1395
427,2016,0500000US51800,Suffolk city,Virginia,51,800,65435,1970
428,2016,0500000US51710,Norfolk city,Virginia,51,710,45268,978
429,2016,0500000US51041,Chesterfield County,Virginia,51,41,73869,1130
430,2016,0500000US51059,Fairfax County,Virginia,51,59,114329,1028
431,2016,0500000US51023,Botetourt County,Virginia,51,23,61470,2704
432,2016,0500000US51520,Bristol city,Virginia,51,520,35801,2790
433,2016,0500000US51830,Williamsburg city,Virginia,51,830,50091,3162
434,2016,0500000US51035,Carroll County,Virginia,51,35,37048,2774
435,2016,0500000US51191,Washington County,Virginia,51,191,43835,1830
436,2016,0500000US51139,Page County,Virginia,51,139,45030,2313
437,2016,0500000US51510,Alexandria city,Virginia,51,510,89200,1987
438,2016,0500000US51650,Hampton city,Virginia,51,650,49890,1504
439,2016,0500000US51013,Arlington County,Virginia,51,13,108706,2294
440,2016,0500000US51027,Buchanan County,Virginia,51,27,30335,1753
441,2016,0500000US51179,Stafford County,Virginia,51,179,97528,2947
442,2016,0500000US51760,Richmond city,Virginia,51,760,41187,737
443,2016,0500000US51057,Essex County,Virginia,51,57,47527,5754
444,2016,0500000US51185,Tazewell County,Virginia,51,185,38238,1852
445,2016,0500000US51685,Manassas Park city,Virginia,51,685,75027,4963
446,2016,0500000US51183,Sussex County,Virginia,51,183,37917,4814
447,2016,0500000US51683,Manassas city,Virginia,51,683,74371,3531
448,2016,0500000US51775,Salem city,Virginia,51,775,52351,2380
449,2016,0500000US51037,Charlotte County,Virginia,51,37,33837,3383
450,2016,0500000US51081,Greensville County,Virginia,51,81,40559,4309
451,2016,0500000US51095,James City County,Virginia,51,95,80226,2989
452,2016,0500000US51167,Russell County,Virginia,51,167,38370,2279
453,2016,0500000US51173,Smyth County,Virginia,51,173,38906,1671
454,2016,0500000US51540,Charlottesville city,Virginia,51,540,50727,2842
455,2016,0500000US51093,Isle of Wight County,Virginia,51,93,66835,3487
456,2016,0500000US51620,Franklin city,Virginia,51,620,38333,4510
457,2016,0500000US51678,Lexington city,Virginia,51,678,34464,9478
458,2016,0500000US51089,Henry County,Virginia,51,89,34992,2026
459,2016,0500000US51101,King William County,Virginia,51,101,64297,3140
460,2016,0500000US51109,Louisa County,Virginia,51,109,54662,3812
461,2016,0500000US51147,Prince Edward County,Virginia,51,147,42283,3029
462,2016,0500000US51165,Rockingham County,Virginia,51,165,55029,1510
463,2016,0500000US51181,Surry County,Virginia,51,181,56632,5581
464,2016,0500000US51043,Clarke County,Virginia,51,43,71986,4237
465,2016,0500000US51117,Mecklenburg County,Virginia,51,117,40040,1909
466,2016,0500000US51015,Augusta County,Virginia,51,15,56802,1847
467,2016,0500000US51075,Goochland County,Virginia,51,75,82326,5007
468,2016,0500000US51113,Madison County,Virginia,51,113,48271,4647
469,2016,0500000US51161,Roanoke County,Virginia,51,161,60380,1482
470,2016,0500000US51025,Brunswick County,Virginia,51,25,38858,1894
471,2016,0500000US51131,Northampton County,Virginia,51,131,37011,3191
472,2016,0500000US51163,Rockbridge County,Virginia,51,163,52478,3556
473,2016,0500000US51720,Norton city,Virginia,51,720,26000,5643
474,2016,0500000US51570,Colonial Heights city,Virginia,51,570,49639,4320
475,2016,0500000US51021,Bland County,Virginia,51,21,47800,2803
476,2016,0500000US51031,Campbell County,Virginia,51,31,47005,1482
477,2016,0500000US51087,Henrico County,Virginia,51,87,63699,1041
478,2016,0500000US51099,King George County,Virginia,51,99,84342,6098
479,2016,0500000US51103,Lancaster County,Virginia,51,103,50118,5751
480,2016,0500000US51105,Lee County,Virginia,51,105,31577,2309
481,2016,0500000US51115,Mathews County,Virginia,51,115,64049,7180
482,2016,0500000US51119,Middlesex County,Virginia,51,119,53093,4251
483,2016,0500000US51149,Prince George County,Virginia,51,149,64805,3869
484,2016,0500000US51159,Richmond County,Virginia,51,159,44919,5143
485,2016,0500000US51169,Scott County,Virginia,51,169,38017,2063
486,2016,0500000US51177,Spotsylvania County,Virginia,51,177,79742,2167
487,2016,0500000US51011,Appomattox County,Virginia,51,11,52134,4386
488,2016,0500000US51067,Franklin County,Virginia,51,67,48720,2821
489,2016,0500000US51097,King and Queen County,Virginia,51,97,48852,5305
490,2016,0500000US51121,Montgomery County,Virginia,51,121,49712,1894
491,2016,0500000US51127,New Kent County,Virginia,51,127,75303,7158
492,2016,0500000US51049,Cumberland County,Virginia,51,49,37489,5331
493,2016,0500000US51051,Dickenson County,Virginia,51,51,31226,3132
494,2016,0500000US51083,Halifax County,Virginia,51,83,37001,1974
495,2016,0500000US51107,Loudoun County,Virginia,51,107,125672,1679
496,2016,0500000US51153,Prince William County,Virginia,51,153,98546,1405
497,2016,0500000US51175,Southampton County,Virginia,51,175,51032,3277
498,2016,0500000US51091,Highland County,Virginia,51,91,44877,6095
499,2016,0500000US51033,Caroline County,Virginia,51,33,57294,3839
500,2016,0500000US51073,Gloucester County,Virginia,51,73,62878,3180
501,2016,0500000US51141,Patrick County,Virginia,51,141,35999,3617
502,2016,0500000US51145,Powhatan County,Virginia,51,145,77684,4309
503,2016,0500000US51171,Shenandoah County,Virginia,51,171,50450,2210
504,2016,0500000US51061,Fauquier County,Virginia,51,61,91221,3496
505,2016,0500000US51790,Staunton city,Virginia,51,790,42948,2710
506,2016,0500000US51065,Fluvanna County,Virginia,51,65,66425,2978
507,2016,0500000US51007,Amelia County,Virginia,51,7,58269,6621
508,2016,0500000US51750,Radford city,Virginia,51,750,31457,4422
509,2016,0500000US51840,Winchester city,Virginia,51,840,46466,1994
510,2016,0500000US51001,Accomack County,Virginia,51,1,38503,2185
511,2016,0500000US51045,Craig County,Virginia,51,45,40500,15270
512,2016,0500000US51063,Floyd County,Virginia,51,63,47288,3253
513,2016,0500000US51071,Giles County,Virginia,51,71,47675,2382
514,2016,0500000US51077,Grayson County,Virginia,51,77,31002,2220
515,2016,0500000US51135,Nottoway County,Virginia,51,135,36849,3291
516,2016,0500000US51157,Rappahannock County,Virginia,51,157,58026,3087
517,2016,0500000US51036,Charles City County,Virginia,51,36,54167,4552
518,2016,0500000US51047,Culpeper County,Virginia,51,47,66160,3269
519,2016,0500000US51053,Dinwiddie County,Virginia,51,53,51579,2863
520,2016,0500000US51079,Greene County,Virginia,51,79,61615,3319
521,2016,0500000US51085,Hanover County,Virginia,51,85,81170,1941
522,2016,0500000US51111,Lunenburg County,Virginia,51,111,39911,3136
523,2016,0500000US51137,Orange County,Virginia,51,137,66990,2748
524,2016,0500000US51595,Emporia city,Virginia,51,595,27169,3754
525,2016,0500000US51197,Wythe County,Virginia,51,197,42888,3284
526,2016,0500000US51550,Chesapeake city,Virginia,51,550,69978,1380
527,2016,0500000US51660,Harrisonburg city,Virginia,51,660,40494,2146
528,2016,0500000US51003,Albemarle County,Virginia,51,3,70342,1896
529,2016,0500000US51019,Bedford County,Virginia,51,19,56725,1634
530,2016,0500000US51029,Buckingham County,Virginia,51,29,43514,2817
531,2016,0500000US51195,Wise County,Virginia,51,195,36352,3155
532,2016,0500000US51580,Covington city,Virginia,51,580,34703,3855
533,2016,0500000US51740,Portsmouth city,Virginia,51,740,47050,1608
534,2017,0500000US51093,Isle of Wight County,Virginia,51,93,67767,3199
535,2017,0500000US51095,James City County,Virginia,51,95,80772,3757
536,2017,0500000US51167,Russell County,Virginia,51,167,40083,2026
537,2017,0500000US51620,Franklin city,Virginia,51,620,38760,4679
538,2017,0500000US51173,Smyth County,Virginia,51,173,40544,1556
539,2017,0500000US51540,Charlottesville city,Virginia,51,540,54739,3418
540,2017,0500000US51678,Lexington city,Virginia,51,678,37309,8201
541,2017,0500000US51031,Campbell County,Virginia,51,31,48823,2634
542,2017,0500000US51087,Henrico County,Virginia,51,87,66447,1191
543,2017,0500000US51089,Henry County,Virginia,51,89,36779,1679
544,2017,0500000US51099,King George County,Virginia,51,99,84770,6188
545,2017,0500000US51101,King William County,Virginia,51,101,67423,3839
546,2017,0500000US51103,Lancaster County,Virginia,51,103,51495,7163
547,2017,0500000US51105,Lee County,Virginia,51,105,32590,2972
548,2017,0500000US51109,Louisa County,Virginia,51,109,56946,4745
549,2017,0500000US51115,Mathews County,Virginia,51,115,63622,9637
550,2017,0500000US51119,Middlesex County,Virginia,51,119,50483,5320
551,2017,0500000US51147,Prince Edward County,Virginia,51,147,44147,3938
552,2017,0500000US51149,Prince George County,Virginia,51,149,68461,3433
553,2017,0500000US51159,Richmond County,Virginia,51,159,47341,4376
554,2017,0500000US51165,Rockingham County,Virginia,51,165,57651,1698
555,2017,0500000US51169,Scott County,Virginia,51,169,38725,2734
556,2017,0500000US51177,Spotsylvania County,Virginia,51,177,81434,1924
557,2017,0500000US51181,Surry County,Virginia,51,181,54656,5518
558,2017,0500000US51011,Appomattox County,Virginia,51,11,54875,5421
559,2017,0500000US51043,Clarke County,Virginia,51,43,72129,6699
560,2017,0500000US51067,Franklin County,Virginia,51,67,51208,3353
561,2017,0500000US51097,King and Queen County,Virginia,51,97,51495,9813
562,2017,0500000US51117,Mecklenburg County,Virginia,51,117,41126,2130
563,2017,0500000US51121,Montgomery County,Virginia,51,121,53424,1793
564,2017,0500000US51127,New Kent County,Virginia,51,127,78429,5091
565,2017,0500000US51015,Augusta County,Virginia,51,15,59544,2220
566,2017,0500000US51049,Cumberland County,Virginia,51,49,43020,3238
567,2017,0500000US51051,Dickenson County,Virginia,51,51,29916,3029
568,2017,0500000US51075,Goochland County,Virginia,51,75,86652,4868
569,2017,0500000US51083,Halifax County,Virginia,51,83,39233,2600
570,2017,0500000US51107,Loudoun County,Virginia,51,107,129588,2111
571,2017,0500000US51113,Madison County,Virginia,51,113,52287,4596
572,2017,0500000US51153,Prince William County,Virginia,51,153,101059,1440
573,2017,0500000US51161,Roanoke County,Virginia,51,161,62134,1707
574,2017,0500000US51175,Southampton County,Virginia,51,175,53681,4028
575,2017,0500000US51091,Highland County,Virginia,51,91,45094,4452
576,2017,0500000US51025,Brunswick County,Virginia,51,25,40871,2708
577,2017,0500000US51033,Caroline County,Virginia,51,33,60925,2456
578,2017,0500000US51073,Gloucester County,Virginia,51,73,63881,2572
579,2017,0500000US51131,Northampton County,Virginia,51,131,41468,4548
580,2017,0500000US51141,Patrick County,Virginia,51,141,37757,4017
581,2017,0500000US51145,Powhatan County,Virginia,51,145,80441,4097
582,2017,0500000US51163,Rockbridge County,Virginia,51,163,53918,3825
583,2017,0500000US51171,Shenandoah County,Virginia,51,171,53934,2994
584,2017,0500000US51061,Fauquier County,Virginia,51,61,94775,3957
585,2017,0500000US51720,Norton city,Virginia,51,720,26971,8010
586,2017,0500000US51790,Staunton city,Virginia,51,790,46435,3006
587,2017,0500000US51065,Fluvanna County,Virginia,51,65,67964,4057
588,2017,0500000US51007,Amelia County,Virginia,51,7,58535,5713
589,2017,0500000US51750,Radford city,Virginia,51,750,36082,5918
590,2017,0500000US51840,Winchester city,Virginia,51,840,49330,3199
591,2017,0500000US51001,Accomack County,Virginia,51,1,42260,2253
592,2017,0500000US51045,Craig County,Virginia,51,45,53526,15331
593,2017,0500000US51063,Floyd County,Virginia,51,63,48396,4500
594,2017,0500000US51071,Giles County,Virginia,51,71,49734,2997
595,2017,0500000US51077,Grayson County,Virginia,51,77,32048,2185
596,2017,0500000US51135,Nottoway County,Virginia,51,135,38410,2987
597,2017,0500000US51157,Rappahannock County,Virginia,51,157,62541,6964
598,2017,0500000US51036,Charles City County,Virginia,51,36,55069,4060
599,2017,0500000US51047,Culpeper County,Virginia,51,47,69693,2672
600,2017,0500000US51053,Dinwiddie County,Virginia,51,53,54640,3190
601,2017,0500000US51079,Greene County,Virginia,51,79,62952,3813
602,2017,0500000US51085,Hanover County,Virginia,51,85,84955,2275
603,2017,0500000US51111,Lunenburg County,Virginia,51,111,39537,3382
604,2017,0500000US51137,Orange County,Virginia,51,137,67196,3748
605,2017,0500000US51595,Emporia city,Virginia,51,595,27426,7596
606,2017,0500000US51197,Wythe County,Virginia,51,197,46119,2969
607,2017,0500000US51550,Chesapeake city,Virginia,51,550,72214,1485
608,2017,0500000US51570,Colonial Heights city,Virginia,51,570,50952,4104
609,2017,0500000US51660,Harrisonburg city,Virginia,51,660,43009,2035
610,2017,0500000US51003,Albemarle County,Virginia,51,3,72265,2910
611,2017,0500000US51021,Bland County,Virginia,51,21,46927,6003
612,2017,0500000US51019,Bedford County,Virginia,51,19,59405,1577
613,2017,0500000US51023,Botetourt County,Virginia,51,23,64733,3179
614,2017,0500000US51029,Buckingham County,Virginia,51,29,46610,5105
615,2017,0500000US51195,Wise County,Virginia,51,195,38255,3086
616,2017,0500000US51520,Bristol city,Virginia,51,520,37844,4812
617,2017,0500000US51580,Covington city,Virginia,51,580,35546,3357
618,2017,0500000US51740,Portsmouth city,Virginia,51,740,48727,1587
619,2017,0500000US51830,Williamsburg city,Virginia,51,830,54606,4779
620,2017,0500000US51810,Virginia Beach city,Virginia,51,810,70500,1124
621,2017,0500000US51005,Alleghany County,Virginia,51,5,46020,4009
622,2017,0500000US51035,Carroll County,Virginia,51,35,41145,2793
623,2017,0500000US51640,Galax city,Virginia,51,640,31311,2888
624,2017,0500000US51191,Washington County,Virginia,51,191,44844,2619
625,2017,0500000US51193,Westmoreland County,Virginia,51,193,55688,7635
626,2017,0500000US51133,Northumberland County,Virginia,51,133,56677,2308
627,2017,0500000US51139,Page County,Virginia,51,139,46140,2999
628,2017,0500000US51155,Pulaski County,Virginia,51,155,49691,2407
629,2017,0500000US51187,Warren County,Virginia,51,187,65353,3936
630,2017,0500000US51510,Alexandria city,Virginia,51,510,93370,1553
631,2017,0500000US51590,Danville city,Virginia,51,590,34951,1744
632,2017,0500000US51630,Fredericksburg city,Virginia,51,630,57258,3631
633,2017,0500000US51650,Hampton city,Virginia,51,650,52021,1382
634,2017,0500000US51009,Amherst County,Virginia,51,9,49677,3603
635,2017,0500000US51013,Arlington County,Virginia,51,13,112138,2139
636,2017,0500000US51017,Bath County,Virginia,51,17,44483,3178
637,2017,0500000US51670,Hopewell city,Virginia,51,670,40712,2737
638,2017,0500000US51027,Buchanan County,Virginia,51,27,30828,1316
639,2017,0500000US51700,Newport News city,Virginia,51,700,51082,1419
640,2017,0500000US51069,Frederick County,Virginia,51,69,71037,1954
641,2017,0500000US51179,Stafford County,Virginia,51,179,103005,2824
642,2017,0500000US51680,Lynchburg city,Virginia,51,680,41971,1414
643,2017,0500000US51199,York County,Virginia,51,199,86781,3475
644,2017,0500000US51760,Richmond city,Virginia,51,760,42356,832
645,2017,0500000US51690,Martinsville city,Virginia,51,690,33545,4045
646,2017,0500000US51125,Nelson County,Virginia,51,125,53834,4010
647,2017,0500000US51057,Essex County,Virginia,51,57,50629,3173
648,2017,0500000US51143,Pittsylvania County,Virginia,51,143,44356,1580
649,2017,0500000US51185,Tazewell County,Virginia,51,185,40309,1889
650,2017,0500000US51530,Buena Vista city,Virginia,51,530,33672,2993
651,2017,0500000US51610,Falls Church city,Virginia,51,610,114795,7917
652,2017,0500000US51685,Manassas Park city,Virginia,51,685,79131,7001
653,2017,0500000US51730,Petersburg city,Virginia,51,730,33939,1600
654,2017,0500000US51735,Poquoson city,Virginia,51,735,88328,8414
655,2017,0500000US51183,Sussex County,Virginia,51,183,44608,3842
656,2017,0500000US51600,Fairfax city,Virginia,51,600,106870,5914
657,2017,0500000US51820,Waynesboro city,Virginia,51,820,42112,4730
658,2017,0500000US51683,Manassas city,Virginia,51,683,77551,3453
659,2017,0500000US51770,Roanoke city,Virginia,51,770,41483,1343
660,2017,0500000US51775,Salem city,Virginia,51,775,53990,2528
661,2017,0500000US51800,Suffolk city,Virginia,51,800,68089,1784
662,2017,0500000US51710,Norfolk city,Virginia,51,710,47137,930
663,2017,0500000US51037,Charlotte County,Virginia,51,37,38350,2730
664,2017,0500000US51041,Chesterfield County,Virginia,51,41,76969,1205
665,2017,0500000US51059,Fairfax County,Virginia,51,59,117515,1314
666,2017,0500000US51081,Greensville County,Virginia,51,81,42121,5250
667,2018,0500000US51095,James City County,Virginia,51,95,83048,2991
668,2018,0500000US51167,Russell County,Virginia,51,167,39482,2596
669,2018,0500000US51173,Smyth County,Virginia,51,173,40425,1626
670,2018,0500000US51540,Charlottesville city,Virginia,51,540,58933,3493
671,2018,0500000US51031,Campbell County,Virginia,51,31,50258,2308
672,2018,0500000US51087,Henrico County,Virginia,51,87,68572,1482
673,2018,0500000US51099,King George County,Virginia,51,99,87321,8183
674,2018,0500000US51103,Lancaster County,Virginia,51,103,50739,7705
675,2018,0500000US51105,Lee County,Virginia,51,105,32718,3065
676,2018,0500000US51115,Mathews County,Virginia,51,115,67009,9029
677,2018,0500000US51119,Middlesex County,Virginia,51,119,51917,6744
678,2018,0500000US51149,Prince George County,Virginia,51,149,67001,3178
679,2018,0500000US51159,Richmond County,Virginia,51,159,49831,4953
680,2018,0500000US51169,Scott County,Virginia,51,169,39144,2488
681,2018,0500000US51177,Spotsylvania County,Virginia,51,177,85330,1869
682,2018,0500000US51011,Appomattox County,Virginia,51,11,56176,4129
683,2018,0500000US51067,Franklin County,Virginia,51,67,52639,3185
684,2018,0500000US51097,King and Queen County,Virginia,51,97,54516,7231
685,2018,0500000US51121,Montgomery County,Virginia,51,121,54641,1795
686,2018,0500000US51127,New Kent County,Virginia,51,127,79698,4414
687,2018,0500000US51049,Cumberland County,Virginia,51,49,46221,4519
688,2018,0500000US51051,Dickenson County,Virginia,51,51,29226,2792
689,2018,0500000US51083,Halifax County,Virginia,51,83,42289,2347
690,2018,0500000US51107,Loudoun County,Virginia,51,107,136268,2063
691,2018,0500000US51153,Prince William County,Virginia,51,153,103445,1915
692,2018,0500000US51175,Southampton County,Virginia,51,175,54611,6821
693,2018,0500000US51091,Highland County,Virginia,51,91,46147,3558
694,2018,0500000US51033,Caroline County,Virginia,51,33,64715,4314
695,2018,0500000US51073,Gloucester County,Virginia,51,73,66701,3711
696,2018,0500000US51141,Patrick County,Virginia,51,141,40486,4326
697,2018,0500000US51145,Powhatan County,Virginia,51,145,83914,4985
698,2018,0500000US51171,Shenandoah County,Virginia,51,171,54921,3008
699,2018,0500000US51061,Fauquier County,Virginia,51,61,97469,3787
700,2018,0500000US51790,Staunton city,Virginia,51,790,48049,2289
701,2018,0500000US51065,Fluvanna County,Virginia,51,65,74931,4899
702,2018,0500000US51007,Amelia County,Virginia,51,7,58526,8627
703,2018,0500000US51750,Radford city,Virginia,51,750,36743,6295
704,2018,0500000US51840,Winchester city,Virginia,51,840,53797,4115
705,2018,0500000US51001,Accomack County,Virginia,51,1,43210,3243
706,2018,0500000US51045,Craig County,Virginia,51,45,55484,13649
707,2018,0500000US51063,Floyd County,Virginia,51,63,49729,4731
708,2018,0500000US51071,Giles County,Virginia,51,71,52478,3169
709,2018,0500000US51077,Grayson County,Virginia,51,77,33969,2345
710,2018,0500000US51135,Nottoway County,Virginia,51,135,42869,4498
711,2018,0500000US51157,Rappahannock County,Virginia,51,157,68438,7363
712,2018,0500000US51036,Charles City County,Virginia,51,36,59192,4207
713,2018,0500000US51047,Culpeper County,Virginia,51,47,73116,2713
714,2018,0500000US51053,Dinwiddie County,Virginia,51,53,55880,4297
715,2018,0500000US51079,Greene County,Virginia,51,79,64979,4475
716,2018,0500000US51085,Hanover County,Virginia,51,85,88652,2596
717,2018,0500000US51111,Lunenburg County,Virginia,51,111,41868,4197
718,2018,0500000US51137,Orange County,Virginia,51,137,68481,3991
719,2018,0500000US51595,Emporia city,Virginia,51,595,30857,2784
720,2018,0500000US51197,Wythe County,Virginia,51,197,48043,2922
721,2018,0500000US51550,Chesapeake city,Virginia,51,550,75790,1575
722,2018,0500000US51660,Harrisonburg city,Virginia,51,660,43893,2962
723,2018,0500000US51003,Albemarle County,Virginia,51,3,75394,2534
724,2018,0500000US51019,Bedford County,Virginia,51,19,61541,2660
725,2018,0500000US51029,Buckingham County,Virginia,51,29,46261,4573
726,2018,0500000US51195,Wise County,Virginia,51,195,38345,3388
727,2018,0500000US51580,Covington city,Virginia,51,580,39432,3798
728,2018,0500000US51740,Portsmouth city,Virginia,51,740,50224,1622
729,2018,0500000US51810,Virginia Beach city,Virginia,51,810,74186,953
730,2018,0500000US51005,Alleghany County,Virginia,51,5,47794,3629
731,2018,0500000US51640,Galax city,Virginia,51,640,31938,3916
732,2018,0500000US51193,Westmoreland County,Virginia,51,193,54268,3000
733,2018,0500000US51133,Northumberland County,Virginia,51,133,58677,5014
734,2018,0500000US51155,Pulaski County,Virginia,51,155,52638,1998
735,2018,0500000US51187,Warren County,Virginia,51,187,68189,4293
736,2018,0500000US51590,Danville city,Virginia,51,590,36301,2104
737,2018,0500000US51630,Fredericksburg city,Virginia,51,630,63274,7136
738,2018,0500000US51009,Amherst County,Virginia,51,9,49170,3347
739,2018,0500000US51017,Bath County,Virginia,51,17,46137,2875
740,2018,0500000US51670,Hopewell city,Virginia,51,670,40497,3873
741,2018,0500000US51700,Newport News city,Virginia,51,700,51884,1249
742,2018,0500000US51069,Frederick County,Virginia,51,69,73250,2263
743,2018,0500000US51680,Lynchburg city,Virginia,51,680,43374,1665
744,2018,0500000US51199,York County,Virginia,51,199,90367,3142
745,2018,0500000US51690,Martinsville city,Virginia,51,690,33224,3916
746,2018,0500000US51125,Nelson County,Virginia,51,125,62446,7444
747,2018,0500000US51143,Pittsylvania County,Virginia,51,143,45382,2056
748,2018,0500000US51530,Buena Vista city,Virginia,51,530,34273,9808
749,2018,0500000US51610,Falls Church city,Virginia,51,610,124796,15295
750,2018,0500000US51730,Petersburg city,Virginia,51,730,36135,1580
751,2018,0500000US51735,Poquoson city,Virginia,51,735,96831,4475
752,2018,0500000US51600,Fairfax city,Virginia,51,600,111574,7598
753,2018,0500000US51820,Waynesboro city,Virginia,51,820,45738,4299
754,2018,0500000US51770,Roanoke city,Virginia,51,770,43028,1367
755,2018,0500000US51800,Suffolk city,Virginia,51,800,70664,2173
756,2018,0500000US51710,Norfolk city,Virginia,51,710,49146,990
757,2018,0500000US51041,Chesterfield County,Virginia,51,41,80214,1216
758,2018,0500000US51059,Fairfax County,Virginia,51,59,121133,1144
759,2018,0500000US51093,Isle of Wight County,Virginia,51,93,71376,3787
760,2018,0500000US51620,Franklin city,Virginia,51,620,40375,6482
761,2018,0500000US51678,Lexington city,Virginia,51,678,36466,7238
762,2018,0500000US51089,Henry County,Virginia,51,89,36683,1839
763,2018,0500000US51101,King William County,Virginia,51,101,68720,4657
764,2018,0500000US51109,Louisa County,Virginia,51,109,59343,4020
765,2018,0500000US51147,Prince Edward County,Virginia,51,147,46189,4053
766,2018,0500000US51165,Rockingham County,Virginia,51,165,59817,1844
767,2018,0500000US51181,Surry County,Virginia,51,181,54844,4834
768,2018,0500000US51043,Clarke County,Virginia,51,43,77936,6550
769,2018,0500000US51117,Mecklenburg County,Virginia,51,117,42025,2464
770,2018,0500000US51015,Augusta County,Virginia,51,15,61305,1784
771,2018,0500000US51075,Goochland County,Virginia,51,75,89741,7343
772,2018,0500000US51113,Madison County,Virginia,51,113,54197,4437
773,2018,0500000US51161,Roanoke County,Virginia,51,161,65467,2229
774,2018,0500000US51025,Brunswick County,Virginia,51,25,41927,3130
775,2018,0500000US51131,Northampton County,Virginia,51,131,43553,4273
776,2018,0500000US51163,Rockbridge County,Virginia,51,163,54805,4086
777,2018,0500000US51720,Norton city,Virginia,51,720,28071,6418
778,2018,0500000US51570,Colonial Heights city,Virginia,51,570,53716,5085
779,2018,0500000US51021,Bland County,Virginia,51,21,50511,4943
780,2018,0500000US51023,Botetourt County,Virginia,51,23,68410,3438
781,2018,0500000US51520,Bristol city,Virginia,51,520,37904,2685
782,2018,0500000US51830,Williamsburg city,Virginia,51,830,56163,6110
783,2018,0500000US51035,Carroll County,Virginia,51,35,43532,2276
784,2018,0500000US51191,Washington County,Virginia,51,191,46262,1583
785,2018,0500000US51139,Page County,Virginia,51,139,47951,3979
786,2018,0500000US51510,Alexandria city,Virginia,51,510,96733,1933
787,2018,0500000US51650,Hampton city,Virginia,51,650,54550,1491
788,2018,0500000US51013,Arlington County,Virginia,51,13,117374,2067
789,2018,0500000US51027,Buchanan County,Virginia,51,27,30806,2381
790,2018,0500000US51179,Stafford County,Virginia,51,179,106773,3208
791,2018,0500000US51760,Richmond city,Virginia,51,760,45117,1265
792,2018,0500000US51057,Essex County,Virginia,51,57,52681,2936
793,2018,0500000US51185,Tazewell County,Virginia,51,185,40978,1974
794,2018,0500000US51685,Manassas Park city,Virginia,51,685,80667,7690
795,2018,0500000US51183,Sussex County,Virginia,51,183,45801,3896
796,2018,0500000US51683,Manassas city,Virginia,51,683,78462,3991
797,2018,0500000US51775,Salem city,Virginia,51,775,57185,3326
798,2018,0500000US51037,Charlotte County,Virginia,51,37,39212,2751
799,2018,0500000US51081,Greensville County,Virginia,51,81,44534,7545
800,2019,0500000US51181,Surry County,Virginia,51,181,57962,4803
801,2019,0500000US51043,Clarke County,Virginia,51,43,80026,7504
802,2019,0500000US51117,Mecklenburg County,Virginia,51,117,43207,3636
803,2019,0500000US51015,Augusta County,Virginia,51,15,62711,2088
804,2019,0500000US51075,Goochland County,Virginia,51,75,93994,7165
805,2019,0500000US51113,Madison County,Virginia,51,113,57895,4788
806,2019,0500000US51161,Roanoke County,Virginia,51,161,68948,2007
807,2019,0500000US51025,Brunswick County,Virginia,51,25,44434,3005
808,2019,0500000US51131,Northampton County,Virginia,51,131,47227,4234
809,2019,0500000US51163,Rockbridge County,Virginia,51,163,54600,3809
810,2019,0500000US51720,Norton city,Virginia,51,720,29000,7753
811,2019,0500000US51570,Colonial Heights city,Virginia,51,570,54550,4946
812,2019,0500000US51021,Bland County,Virginia,51,21,48531,5553
813,2019,0500000US51023,Botetourt County,Virginia,51,23,71110,2521
814,2019,0500000US51520,Bristol city,Virginia,51,520,37500,3053
815,2019,0500000US51830,Williamsburg city,Virginia,51,830,57463,5298
816,2019,0500000US51035,Carroll County,Virginia,51,35,44835,3148
817,2019,0500000US51191,Washington County,Virginia,51,191,48495,3589
818,2019,0500000US51139,Page County,Virginia,51,139,51792,3898
819,2019,0500000US51510,Alexandria city,Virginia,51,510,100939,2888
820,2019,0500000US51650,Hampton city,Virginia,51,650,56287,1252
821,2019,0500000US51013,Arlington County,Virginia,51,13,120071,2064
822,2019,0500000US51027,Buchanan County,Virginia,51,27,31956,2650
823,2019,0500000US51179,Stafford County,Virginia,51,179,111108,2778
824,2019,0500000US51760,Richmond city,Virginia,51,760,47250,1316
825,2019,0500000US51057,Essex County,Virginia,51,57,51954,5555
826,2019,0500000US51185,Tazewell County,Virginia,51,185,42099,2914
827,2019,0500000US51685,Manassas Park city,Virginia,51,685,88046,8779
828,2019,0500000US51183,Sussex County,Virginia,51,183,49487,3717
829,2019,0500000US51683,Manassas city,Virginia,51,683,81493,3858
830,2019,0500000US51775,Salem city,Virginia,51,775,57165,3209
831,2019,0500000US51037,Charlotte County,Virginia,51,37,40573,3373
832,2019,0500000US51081,Greensville County,Virginia,51,81,50300,4195
833,2019,0500000US51093,Isle of Wight County,Virginia,51,93,73991,3862
834,2019,0500000US51620,Franklin city,Virginia,51,620,40417,8465
835,2019,0500000US51678,Lexington city,Virginia,51,678,42632,9155
836,2019,0500000US51089,Henry County,Virginia,51,89,37952,1900
837,2019,0500000US51101,King William County,Virginia,51,101,66987,6191
838,2019,0500000US51109,Louisa County,Virginia,51,109,60975,3917
839,2019,0500000US51147,Prince Edward County,Virginia,51,147,47202,5147
840,2019,0500000US51165,Rockingham County,Virginia,51,165,61864,1904
841,2019,0500000US51095,James City County,Virginia,51,95,87678,3010
842,2019,0500000US51167,Russell County,Virginia,51,167,39758,2056
843,2019,0500000US51173,Smyth County,Virginia,51,173,40932,2763
844,2019,0500000US51540,Charlottesville city,Virginia,51,540,59471,4106
845,2019,0500000US51031,Campbell County,Virginia,51,31,49664,2671
846,2019,0500000US51087,Henrico County,Virginia,51,87,70307,1281
847,2019,0500000US51099,King George County,Virginia,51,99,94274,4294
848,2019,0500000US51103,Lancaster County,Virginia,51,103,53711,9463
849,2019,0500000US51105,Lee County,Virginia,51,105,32888,3103
850,2019,0500000US51115,Mathews County,Virginia,51,115,64237,13799
851,2019,0500000US51119,Middlesex County,Virginia,51,119,57438,4008
852,2019,0500000US51149,Prince George County,Virginia,51,149,71912,3851
853,2019,0500000US51159,Richmond County,Virginia,51,159,49517,5449
854,2019,0500000US51169,Scott County,Virginia,51,169,39820,2257
855,2019,0500000US51177,Spotsylvania County,Virginia,51,177,88628,2299
856,2019,0500000US51011,Appomattox County,Virginia,51,11,58696,5827
857,2019,0500000US51067,Franklin County,Virginia,51,67,56254,3884
858,2019,0500000US51097,King and Queen County,Virginia,51,97,63982,7614
859,2019,0500000US51121,Montgomery County,Virginia,51,121,57977,2295
860,2019,0500000US51127,New Kent County,Virginia,51,127,87904,6962
861,2019,0500000US51049,Cumberland County,Virginia,51,49,47469,6180
862,2019,0500000US51051,Dickenson County,Virginia,51,51,29932,2883
863,2019,0500000US51083,Halifax County,Virginia,51,83,42669,2071
864,2019,0500000US51107,Loudoun County,Virginia,51,107,142299,2089
865,2019,0500000US51153,Prince William County,Virginia,51,153,107132,1725
866,2019,0500000US51175,Southampton County,Virginia,51,175,61348,6838
867,2019,0500000US51091,Highland County,Virginia,51,91,48587,4703
868,2019,0500000US51033,Caroline County,Virginia,51,33,65103,3156
869,2019,0500000US51073,Gloucester County,Virginia,51,73,70537,5663
870,2019,0500000US51141,Patrick County,Virginia,51,141,43073,3723
871,2019,0500000US51145,Powhatan County,Virginia,51,145,89090,7595
872,2019,0500000US51171,Shenandoah County,Virginia,51,171,57252,2919
873,2019,0500000US51061,Fauquier County,Virginia,51,61,100783,4850
874,2019,0500000US51790,Staunton city,Virginia,51,790,52611,2847
875,2019,0500000US51065,Fluvanna County,Virginia,51,65,76873,3118
876,2019,0500000US51750,Radford city,Virginia,51,750,36297,4415
877,2019,0500000US51840,Winchester city,Virginia,51,840,58818,4511
878,2019,0500000US51001,Accomack County,Virginia,51,1,46073,4026
879,2019,0500000US51045,Craig County,Virginia,51,45,55708,10950
880,2019,0500000US51063,Floyd County,Virginia,51,63,51521,4541
881,2019,0500000US51071,Giles County,Virginia,51,71,54520,2728
882,2019,0500000US51077,Grayson County,Virginia,51,77,36544,3204
883,2019,0500000US51135,Nottoway County,Virginia,51,135,45535,3015
884,2019,0500000US51157,Rappahannock County,Virginia,51,157,74284,4172
885,2019,0500000US51036,Charles City County,Virginia,51,36,57198,5222
886,2019,0500000US51047,Culpeper County,Virginia,51,47,77935,4199
887,2019,0500000US51053,Dinwiddie County,Virginia,51,53,60346,3637
888,2019,0500000US51079,Greene County,Virginia,51,79,67398,5919
889,2019,0500000US51085,Hanover County,Virginia,51,85,89390,2017
890,2019,0500000US51111,Lunenburg County,Virginia,51,111,44303,3641
891,2019,0500000US51137,Orange County,Virginia,51,137,71548,4910
892,2019,0500000US51595,Emporia city,Virginia,51,595,27063,5323
893,2019,0500000US51197,Wythe County,Virginia,51,197,49364,2653
894,2019,0500000US51550,Chesapeake city,Virginia,51,550,78640,2645
895,2019,0500000US51660,Harrisonburg city,Virginia,51,660,46679,2567
896,2019,0500000US51003,Albemarle County,Virginia,51,3,79880,2894
897,2019,0500000US51019,Bedford County,Virginia,51,19,64199,2828
898,2019,0500000US51029,Buckingham County,Virginia,51,29,49025,3378
899,2019,0500000US51195,Wise County,Virginia,51,195,38888,2697
900,2019,0500000US51580,Covington city,Virginia,51,580,40655,3634
901,2019,0500000US51740,Portsmouth city,Virginia,51,740,52175,1675
902,2019,0500000US51810,Virginia Beach city,Virginia,51,810,76610,1188
903,2019,0500000US51005,Alleghany County,Virginia,51,5,47673,3458
904,2019,0500000US51640,Galax city,Virginia,51,640,33575,2284
905,2019,0500000US51193,Westmoreland County,Virginia,51,193,53853,3698
906,2019,0500000US51133,Northumberland County,Virginia,51,133,62632,7771
907,2019,0500000US51155,Pulaski County,Virginia,51,155,53866,2346
908,2019,0500000US51187,Warren County,Virginia,51,187,69116,3087
909,2019,0500000US51590,Danville city,Virginia,51,590,37203,2086
910,2019,0500000US51630,Fredericksburg city,Virginia,51,630,65641,5784
911,2019,0500000US51009,Amherst County,Virginia,51,9,52888,2644
912,2019,0500000US51017,Bath County,Virginia,51,17,49738,6556
913,2019,0500000US51670,Hopewell city,Virginia,51,670,39030,4278
914,2019,0500000US51700,Newport News city,Virginia,51,700,53215,1607
915,2019,0500000US51069,Frederick County,Virginia,51,69,78002,3019
916,2019,0500000US51680,Lynchburg city,Virginia,51,680,46409,2881
917,2019,0500000US51199,York County,Virginia,51,199,92069,3645
918,2019,0500000US51690,Martinsville city,Virginia,51,690,34371,4099
919,2019,0500000US51125,Nelson County,Virginia,51,125,64313,9548
920,2019,0500000US51143,Pittsylvania County,Virginia,51,143,47690,1810
921,2019,0500000US51530,Buena Vista city,Virginia,51,530,32455,10103
922,2019,0500000US51610,Falls Church city,Virginia,51,610,127610,16144
923,2019,0500000US51730,Petersburg city,Virginia,51,730,38679,2160
924,2019,0500000US51735,Poquoson city,Virginia,51,735,97118,4408
925,2019,0500000US51600,Fairfax city,Virginia,51,600,116979,7777
926,2019,0500000US51820,Waynesboro city,Virginia,51,820,45011,6218
927,2019,0500000US51770,Roanoke city,Virginia,51,770,44230,1434
928,2019,0500000US51800,Suffolk city,Virginia,51,800,74884,2756
929,2019,0500000US51710,Norfolk city,Virginia,51,710,51590,1086
930,2019,0500000US51007,Amelia County,Virginia,51,7,57946,6485
931,2019,0500000US51041,Chesterfield County,Virginia,51,41,82599,1297
932,2019,0500000US51059,Fairfax County,Virginia,51,59,124831,1281
933,2020,0500000US51001,Accomack County,Virginia,51,1,46178,2575
934,2020,0500000US51005,Alleghany County,Virginia,51,5,48513,4275
935,2020,0500000US51007,Amelia County,Virginia,51,7,63918,6276
936,2020,0500000US51011,Appomattox County,Virginia,51,11,55457,5246
937,2020,0500000US51013,Arlington County,Virginia,51,13,122604,2627
938,2020,0500000US51017,Bath County,Virginia,51,17,55481,15306
939,2020,0500000US51019,Bedford County,Virginia,51,19,67136,3303
940,2020,0500000US51023,Botetourt County,Virginia,51,23,72719,4231
941,2020,0500000US51025,Brunswick County,Virginia,51,25,46111,3642
942,2020,0500000US51029,Buckingham County,Virginia,51,29,48603,4866
943,2020,0500000US51031,Campbell County,Virginia,51,31,52319,2195
944,2020,0500000US51035,Carroll County,Virginia,51,35,44518,3022
945,2020,0500000US51036,Charles City County,Virginia,51,36,60096,5918
946,2020,0500000US51037,Charlotte County,Virginia,51,37,40924,4516
947,2020,0500000US51043,Clarke County,Virginia,51,43,86154,13118
948,2020,0500000US51045,Craig County,Virginia,51,45,57792,14772
949,2020,0500000US51049,Cumberland County,Virginia,51,49,50565,8447
950,2020,0500000US51051,Dickenson County,Virginia,51,51,30116,4017
951,2020,0500000US51057,Essex County,Virginia,51,57,51125,5221
952,2020,0500000US51059,Fairfax County,Virginia,51,59,127866,1462
953,2020,0500000US51063,Floyd County,Virginia,51,63,51250,4673
954,2020,0500000US51065,Fluvanna County,Virginia,51,65,78885,4581
955,2020,0500000US51069,Frederick County,Virginia,51,69,80011,3351
956,2020,0500000US51071,Giles County,Virginia,51,71,57279,3121
957,2020,0500000US51075,Goochland County,Virginia,51,75,97146,8582
958,2020,0500000US51077,Grayson County,Virginia,51,77,41558,4019
959,2020,0500000US51081,Greensville County,Virginia,51,81,49756,5874
960,2020,0500000US51083,Halifax County,Virginia,51,83,43714,2535
961,2020,0500000US51087,Henrico County,Virginia,51,87,72295,1863
962,2020,0500000US51089,Henry County,Virginia,51,89,38511,2064
963,2020,0500000US51093,Isle of Wight County,Virginia,51,93,77870,5219
964,2020,0500000US51095,James City County,Virginia,51,95,91675,4509
965,2020,0500000US51097,King and Queen County,Virginia,51,97,65385,12801
966,2020,0500000US51099,King George County,Virginia,51,99,96711,6085
967,2020,0500000US51101,King William County,Virginia,51,101,73284,6077
968,2020,0500000US51103,Lancaster County,Virginia,51,103,59736,8165
969,2020,0500000US51105,Lee County,Virginia,51,105,35006,4424
970,2020,0500000US51107,Loudoun County,Virginia,51,107,147111,3537
971,2020,0500000US51109,Louisa County,Virginia,51,109,67027,6008
972,2020,0500000US51111,Lunenburg County,Virginia,51,111,45884,5418
973,2020,0500000US51113,Madison County,Virginia,51,113,63482,5830
974,2020,0500000US51115,Mathews County,Virginia,51,115,74489,16802
975,2020,0500000US51117,Mecklenburg County,Virginia,51,117,50224,2884
976,2020,0500000US51119,Middlesex County,Virginia,51,119,57060,2970
977,2020,0500000US51121,Montgomery County,Virginia,51,121,59126,2531
978,2020,0500000US51125,Nelson County,Virginia,51,125,62203,10320
979,2020,0500000US51127,New Kent County,Virginia,51,127,97688,10453
980,2020,0500000US51131,Northampton County,Virginia,51,131,50819,8343
981,2020,0500000US51133,Northumberland County,Virginia,51,133,59437,6569
982,2020,0500000US51135,Nottoway County,Virginia,51,135,49983,5315
983,2020,0500000US51137,Orange County,Virginia,51,137,74446,4522
984,2020,0500000US51139,Page County,Virginia,51,139,51878,3159
985,2020,0500000US51141,Patrick County,Virginia,51,141,46941,6316
986,2020,0500000US51145,Powhatan County,Virginia,51,145,93833,5342
987,2020,0500000US51147,Prince Edward County,Virginia,51,147,44253,7932
988,2020,0500000US51149,Prince George County,Virginia,51,149,75123,5629
989,2020,0500000US51155,Pulaski County,Virginia,51,155,53689,2940
990,2020,0500000US51157,Rappahannock County,Virginia,51,157,82077,8789
991,2020,0500000US51161,Roanoke County,Virginia,51,161,70076,1930
992,2020,0500000US51163,Rockbridge County,Virginia,51,163,54133,4062
993,2020,0500000US51167,Russell County,Virginia,51,167,38564,4069
994,2020,0500000US51169,Scott County,Virginia,51,169,41540,2652
995,2020,0500000US51173,Smyth County,Virginia,51,173,41088,2716
996,2020,0500000US51175,Southampton County,Virginia,51,175,63034,5660
997,2020,0500000US51179,Stafford County,Virginia,51,179,112247,3806
998,2020,0500000US51181,Surry County,Virginia,51,181,56525,4961
999,2020,0500000US51185,Tazewell County,Virginia,51,185,42207,3080
1000,2020,0500000US51187,Warren County,Virginia,51,187,70109,5763
1001,2020,0500000US51193,Westmoreland County,Virginia,51,193,53790,6784
1002,2020,0500000US51195,Wise County,Virginia,51,195,41285,4656
1003,2020,0500000US51199,York County,Virginia,51,199,93356,2997
1004,2020,0500000US51510,Alexandria city,Virginia,51,510,102227,2530
1005,2020,0500000US51530,Buena Vista city,Virginia,51,530,36634,6924
1006,2020,0500000US51540,Charlottesville city,Virginia,51,540,59598,4877
1007,2020,0500000US51570,Colonial Heights city,Virginia,51,570,60522,5888
1008,2020,0500000US51580,Covington city,Virginia,51,580,41024,4817
1009,2020,0500000US51590,Danville city,Virginia,51,590,37147,2784
1010,2020,0500000US51600,Fairfax city,Virginia,51,600,109708,10496
1011,2020,0500000US51610,Falls Church city,Virginia,51,610,146922,10939
1012,2020,0500000US51630,Fredericksburg city,Virginia,51,630,69528,6038
1013,2020,0500000US51640,Galax city,Virginia,51,640,35184,4709
1014,2020,0500000US51660,Harrisonburg city,Virginia,51,660,49117,2123
1015,2020,0500000US51670,Hopewell city,Virginia,51,670,43262,3530
1016,2020,0500000US51680,Lynchburg city,Virginia,51,680,49201,1690
1017,2020,0500000US51683,Manassas city,Virginia,51,683,86227,3359
1018,2020,0500000US51690,Martinsville city,Virginia,51,690,36166,4646
1019,2020,0500000US51700,Newport News city,Virginia,51,700,54511,1746
1020,2020,0500000US51720,Norton city,Virginia,51,720,30518,11320
1021,2020,0500000US51730,Petersburg city,Virginia,51,730,43029,2641
1022,2020,0500000US51740,Portsmouth city,Virginia,51,740,53213,1956
1023,2020,0500000US51750,Radford city,Virginia,51,750,34576,5609
1024,2020,0500000US51770,Roanoke city,Virginia,51,770,45664,1641
1025,2020,0500000US51775,Salem city,Virginia,51,775,63411,5173
1026,2020,0500000US51790,Staunton city,Virginia,51,790,52292,3116
1027,2020,0500000US51800,Suffolk city,Virginia,51,800,79899,3566
1028,2020,0500000US51810,Virginia Beach city,Virginia,51,810,78136,1419
1029,2020,0500000US51820,Waynesboro city,Virginia,51,820,43480,3487
1030,2020,0500000US51830,Williamsburg city,Virginia,51,830,59288,5801
1031,2020,0500000US51840,Winchester city,Virginia,51,840,61102,4170
1032,2020,0500000US51003,Albemarle County,Virginia,51,3,84643,3217
1033,2020,0500000US51009,Amherst County,Virginia,51,9,57368,4546
1034,2020,0500000US51015,Augusta County,Virginia,51,15,65076,3262
1035,2020,0500000US51021,Bland County,Virginia,51,21,50365,6513
1036,2020,0500000US51027,Buchanan County,Virginia,51,27,34302,3605
1037,2020,0500000US51033,Caroline County,Virginia,51,33,67901,5308
1038,2020,0500000US51041,Chesterfield County,Virginia,51,41,84645,1549
1039,2020,0500000US51047,Culpeper County,Virginia,51,47,80663,3922
1040,2020,0500000US51053,Dinwiddie County,Virginia,51,53,65485,3706
1041,2020,0500000US51061,Fauquier County,Virginia,51,61,105665,5673
1042,2020,0500000US51067,Franklin County,Virginia,51,67,56779,2707
1043,2020,0500000US51073,Gloucester County,Virginia,51,73,71649,4174
1044,2020,0500000US51079,Greene County,Virginia,51,79,67266,4701
1045,2020,0500000US51085,Hanover County,Virginia,51,85,91444,3201
1046,2020,0500000US51091,Highland County,Virginia,51,91,51831,3904
1047,2020,0500000US51143,Pittsylvania County,Virginia,51,143,49520,2158
1048,2020,0500000US51153,Prince William County,Virginia,51,153,107707,1639
1049,2020,0500000US51159,Richmond County,Virginia,51,159,53298,5454
1050,2020,0500000US51165,Rockingham County,Virginia,51,165,64496,2047
1051,2020,0500000US51171,Shenandoah County,Virginia,51,171,56114,3163
1052,2020,0500000US51177,Spotsylvania County,Virginia,51,177,90913,3066
1053,2020,0500000US51183,Sussex County,Virginia,51,183,51701,4106
1054,2020,0500000US51191,Washington County,Virginia,51,191,50928,2680
1055,2020,0500000US51197,Wythe County,Virginia,51,197,51639,4880
1056,2020,0500000US51520,Bristol city,Virginia,51,520,39679,4383
1057,2020,0500000US51550,Chesapeake city,Virginia,51,550,81261,2200
1058,2020,0500000US51595,Emporia city,Virginia,51,595,30058,6086
1059,2020,0500000US51620,Franklin city,Virginia,51,620,49811,5437
1060,2020,0500000US51650,Hampton city,Virginia,51,650,57041,2127
1061,2020,0500000US51678,Lexington city,Virginia,51,678,50714,16894
1062,2020,0500000US51685,Manassas Park city,Virginia,51,685,81639,11805
1063,2020,0500000US51710,Norfolk city,Virginia,51,710,53026,1033
1064,2020,0500000US51735,Poquoson city,Virginia,51,735,100696,6185
1065,2020,0500000US51760,Richmond city,Virginia,51,760,51421,1853
1066,2021,0500000US51001,Accomack County,Virginia,51,1,50601,5803
1067,2021,0500000US51003,Albemarle County,Virginia,51,3,90568,3359
1068,2021,0500000US51005,Alleghany County,Virginia,51,5,49705,5345
1069,2021,0500000US51007,Amelia County,Virginia,51,7,57420,10638
1070,2021,0500000US51009,Amherst County,Virginia,51,9,60876,3561
1071,2021,0500000US51011,Appomattox County,Virginia,51,11,55268,5351
1072,2021,0500000US51013,Arlington County,Virginia,51,13,128145,2836
1073,2021,0500000US51015,Augusta County,Virginia,51,15,69082,2561
1074,2021,0500000US51017,Bath County,Virginia,51,17,55807,13393
1075,2021,0500000US51019,Bedford County,Virginia,51,19,70870,3382
1076,2021,0500000US51021,Bland County,Virginia,51,21,54556,5027
1077,2021,0500000US51023,Botetourt County,Virginia,51,23,72941,4207
1078,2021,0500000US51025,Brunswick County,Virginia,51,25,49597,3887
1079,2021,0500000US51027,Buchanan County,Virginia,51,27,37093,4611
1080,2021,0500000US51029,Buckingham County,Virginia,51,29,49841,5835
1081,2021,0500000US51031,Campbell County,Virginia,51,31,53918,1851
1082,2021,0500000US51033,Caroline County,Virginia,51,33,76528,5600
1083,2021,0500000US51035,Carroll County,Virginia,51,35,45220,3266
1084,2021,0500000US51036,Charles City County,Virginia,51,36,59543,3173
1085,2021,0500000US51037,Charlotte County,Virginia,51,37,45567,5360
1086,2021,0500000US51041,Chesterfield County,Virginia,51,41,88315,1599
1087,2021,0500000US51043,Clarke County,Virginia,51,43,86633,13266
1088,2021,0500000US51045,Craig County,Virginia,51,45,60283,19100
1089,2021,0500000US51047,Culpeper County,Virginia,51,47,85274,5034
1090,2021,0500000US51049,Cumberland County,Virginia,51,49,57568,7018
1091,2021,0500000US51051,Dickenson County,Virginia,51,51,33905,3385
1092,2021,0500000US51053,Dinwiddie County,Virginia,51,53,68918,6684
1093,2021,0500000US51057,Essex County,Virginia,51,57,54375,6628
1094,2021,0500000US51059,Fairfax County,Virginia,51,59,133974,1433
1095,2021,0500000US51061,Fauquier County,Virginia,51,61,111368,5595
1096,2021,0500000US51063,Floyd County,Virginia,51,63,51612,4430
1097,2021,0500000US51065,Fluvanna County,Virginia,51,65,82983,5151
1098,2021,0500000US51067,Franklin County,Virginia,51,67,59667,3346
1099,2021,0500000US51069,Frederick County,Virginia,51,69,84317,3373
1100,2021,0500000US51071,Giles County,Virginia,51,71,57911,3340
1101,2021,0500000US51073,Gloucester County,Virginia,51,73,77733,4866
1102,2021,0500000US51075,Goochland County,Virginia,51,75,100517,7123
1103,2021,0500000US51077,Grayson County,Virginia,51,77,43022,3737
1104,2021,0500000US51079,Greene County,Virginia,51,79,73844,5756
1105,2021,0500000US51081,Greensville County,Virginia,51,81,53063,6883
1106,2021,0500000US51083,Halifax County,Virginia,51,83,45962,2305
1107,2021,0500000US51085,Hanover County,Virginia,51,85,96911,2936
1108,2021,0500000US51087,Henrico County,Virginia,51,87,76345,1353
1109,2021,0500000US51089,Henry County,Virginia,51,89,41103,2000
1110,2021,0500000US51091,Highland County,Virginia,51,91,52901,4671
1111,2021,0500000US51093,Isle of Wight County,Virginia,51,93,84673,3779
1112,2021,0500000US51095,James City County,Virginia,51,95,94907,4180
1113,2021,0500000US51097,King and Queen County,Virginia,51,97,61672,15795
1114,2021,0500000US51099,King George County,Virginia,51,99,101599,7080
1115,2021,0500000US51101,King William County,Virginia,51,101,74592,7261
1116,2021,0500000US51103,Lancaster County,Virginia,51,103,64460,8707
1117,2021,0500000US51105,Lee County,Virginia,51,105,37574,4430
1118,2021,0500000US51107,Loudoun County,Virginia,51,107,156821,2662
1119,2021,0500000US51109,Louisa County,Virginia,51,109,70974,4532
1120,2021,0500000US51111,Lunenburg County,Virginia,51,111,47269,6626
1121,2021,0500000US51113,Madison County,Virginia,51,113,72349,6883
1122,2021,0500000US51115,Mathews County,Virginia,51,115,73229,13658
1123,2021,0500000US51117,Mecklenburg County,Virginia,51,117,46378,3677
1124,2021,0500000US51119,Middlesex County,Virginia,51,119,63782,7152
1125,2021,0500000US51121,Montgomery County,Virginia,51,121,60666,2757
1126,2021,0500000US51125,Nelson County,Virginia,51,125,67707,12136
1127,2021,0500000US51127,New Kent County,Virginia,51,127,101628,8239
1128,2021,0500000US51131,Northampton County,Virginia,51,131,50347,6124
1129,2021,0500000US51133,Northumberland County,Virginia,51,133,61291,7873
1130,2021,0500000US51135,Nottoway County,Virginia,51,135,54614,7054
1131,2021,0500000US51137,Orange County,Virginia,51,137,79211,3317
1132,2021,0500000US51139,Page County,Virginia,51,139,53168,4306
1133,2021,0500000US51141,Patrick County,Virginia,51,141,47215,5083
1134,2021,0500000US51143,Pittsylvania County,Virginia,51,143,49486,3160
1135,2021,0500000US51145,Powhatan County,Virginia,51,145,101395,8973
1136,2021,0500000US51147,Prince Edward County,Virginia,51,147,49019,6677
1137,2021,0500000US51149,Prince George County,Virginia,51,149,78895,5528
1138,2021,0500000US51153,Prince William County,Virginia,51,153,113831,2054
1139,2021,0500000US51155,Pulaski County,Virginia,51,155,55446,3671
1140,2021,0500000US51157,Rappahannock County,Virginia,51,157,90307,13261
1141,2021,0500000US51159,Richmond County,Virginia,51,159,57697,9428
1142,2021,0500000US51161,Roanoke County,Virginia,51,161,74622,1782
1143,2021,0500000US51163,Rockbridge County,Virginia,51,163,57828,3580
1144,2021,0500000US51165,Rockingham County,Virginia,51,165,67484,2008
1145,2021,0500000US51167,Russell County,Virginia,51,167,41100,3750
1146,2021,0500000US51169,Scott County,Virginia,51,169,42561,3180
1147,2021,0500000US51171,Shenandoah County,Virginia,51,171,58609,3681
1148,2021,0500000US51173,Smyth County,Virginia,51,173,42588,2759
1149,2021,0500000US51175,Southampton County,Virginia,51,175,65079,5393
1150,2021,0500000US51177,Spotsylvania County,Virginia,51,177,98973,4343
1151,2021,0500000US51179,Stafford County,Virginia,51,179,119818,3302
1152,2021,0500000US51181,Surry County,Virginia,51,181,61105,8842
1153,2021,0500000US51183,Sussex County,Virginia,51,183,56968,7431
1154,2021,0500000US51185,Tazewell County,Virginia,51,185,42937,3086
1155,2021,0500000US51187,Warren County,Virginia,51,187,72840,7564
1156,2021,0500000US51191,Washington County,Virginia,51,191,54737,2885
1157,2021,0500000US51193,Westmoreland County,Virginia,51,193,53113,6554
1158,2021,0500000US51195,Wise County,Virginia,51,195,44884,4504
1159,2021,0500000US51197,Wythe County,Virginia,51,197,52726,4258
1160,2021,0500000US51199,York County,Virginia,51,199,96144,3139
1161,2021,0500000US51510,Alexandria city,Virginia,51,510,105450,2219
1162,2021,0500000US51520,Bristol city,Virginia,51,520,43879,3732
1163,2021,0500000US51530,Buena Vista city,Virginia,51,530,42156,11253
1164,2021,0500000US51540,Charlottesville city,Virginia,51,540,63470,4255
1165,2021,0500000US51550,Chesapeake city,Virginia,51,550,85563,1957
1166,2021,0500000US51570,Colonial Heights city,Virginia,51,570,65570,3801
1167,2021,0500000US51580,Covington city,Virginia,51,580,41242,2930
1168,2021,0500000US51590,Danville city,Virginia,51,590,38904,2581
1169,2021,0500000US51595,Emporia city,Virginia,51,595,36111,8674
1170,2021,0500000US51600,Fairfax city,Virginia,51,600,118492,9608
1171,2021,0500000US51610,Falls Church city,Virginia,51,610,155071,17392
1172,2021,0500000US51620,Franklin city,Virginia,51,620,49424,5658
1173,2021,0500000US51630,Fredericksburg city,Virginia,51,630,72293,6523
1174,2021,0500000US51640,Galax city,Virginia,51,640,39808,6250
1175,2021,0500000US51650,Hampton city,Virginia,51,650,59380,1790
1176,2021,0500000US51660,Harrisonburg city,Virginia,51,660,51055,1942
1177,2021,0500000US51670,Hopewell city,Virginia,51,670,44209,5384
1178,2021,0500000US51678,Lexington city,Virginia,51,678,66114,21009
1179,2021,0500000US51680,Lynchburg city,Virginia,51,680,54015,3223
1180,2021,0500000US51683,Manassas city,Virginia,51,683,101934,9101
1181,2021,0500000US51685,Manassas Park city,Virginia,51,685,90544,9067
1182,2021,0500000US51690,Martinsville city,Virginia,51,690,36832,3838
1183,2021,0500000US51700,Newport News city,Virginia,51,700,57463,2050
1184,2021,0500000US51710,Norfolk city,Virginia,51,710,56244,1303
1185,2021,0500000US51720,Norton city,Virginia,51,720,35592,10945
1186,2021,0500000US51730,Petersburg city,Virginia,51,730,44890,2325
1187,2021,0500000US51735,Poquoson city,Virginia,51,735,112026,8530
1188,2021,0500000US51740,Portsmouth city,Virginia,51,740,54020,2249
1189,2021,0500000US51750,Radford city,Virginia,51,750,44360,11359
1190,2021,0500000US51760,Richmond city,Virginia,51,760,54795,1737
1191,2021,0500000US51770,Roanoke city,Virginia,51,770,48476,2257
1192,2021,0500000US51775,Salem city,Virginia,51,775,66472,6799
1193,2021,0500000US51790,Staunton city,Virginia,51,790,53041,4449
1194,2021,0500000US51800,Suffolk city,Virginia,51,800,81883,3471
1195,2021,0500000US51810,Virginia Beach city,Virginia,51,810,81810,1205
1196,2021,0500000US51820,Waynesboro city,Virginia,51,820,47238,6024
1197,2021,0500000US51830,Williamsburg city,Virginia,51,830,65297,7470
1198,2021,0500000US51840,Winchester city,Virginia,51,840,61321,4618
1199,2022,0500000US51001,Accomack County,Virginia,51,1,52694,5883
1200,2022,0500000US51003,Albemarle County,Virginia,51,3,97708,3686
1201,2022,0500000US51005,Alleghany County,Virginia,51,5,52546,3958
1202,2022,0500000US51007,Amelia County,Virginia,51,7,63438,15114
1203,2022,0500000US51009,Amherst County,Virginia,51,9,64454,4514
1204,2022,0500000US51011,Appomattox County,Virginia,51,11,60041,7091
1205,2022,0500000US51013,Arlington County,Virginia,51,13,137387,2717
1206,2022,0500000US51015,Augusta County,Virginia,51,15,76124,3172
1207,2022,0500000US51017,Bath County,Virginia,51,17,55699,11901
1208,2022,0500000US51019,Bedford County,Virginia,51,19,74773,3274
1209,2022,0500000US51021,Bland County,Virginia,51,21,59901,2832
1210,2022,0500000US51023,Botetourt County,Virginia,51,23,77680,5696
1211,2022,0500000US51025,Brunswick County,Virginia,51,25,52678,3117
1212,2022,0500000US51027,Buchanan County,Virginia,51,27,39591,2930
1213,2022,0500000US51029,Buckingham County,Virginia,51,29,59894,8713
1214,2022,0500000US51031,Campbell County,Virginia,51,31,59022,3716
1215,2022,0500000US51033,Caroline County,Virginia,51,33,83562,7150
1216,2022,0500000US51035,Carroll County,Virginia,51,35,49113,4799
1217,2022,0500000US51036,Charles City County,Virginia,51,36,65573,3448
1218,2022,0500000US51037,Charlotte County,Virginia,51,37,51548,9194
1219,2022,0500000US51041,Chesterfield County,Virginia,51,41,95757,2126
1220,2022,0500000US51043,Clarke County,Virginia,51,43,107475,15896
1221,2022,0500000US51045,Craig County,Virginia,51,45,66286,8134
1222,2022,0500000US51047,Culpeper County,Virginia,51,47,92359,4299
1223,2022,0500000US51049,Cumberland County,Virginia,51,49,56497,8052
1224,2022,0500000US51051,Dickenson County,Virginia,51,51,40143,2993
1225,2022,0500000US51053,Dinwiddie County,Virginia,51,53,77225,7376
1226,2022,0500000US51057,Essex County,Virginia,51,57,52335,8000
1227,2022,0500000US51059,Fairfax County,Virginia,51,59,145165,1677
1228,2022,0500000US51061,Fauquier County,Virginia,51,61,122785,6626
1229,2022,0500000US51063,Floyd County,Virginia,51,63,57146,6227
1230,2022,0500000US51065,Fluvanna County,Virginia,51,65,90766,5489
1231,2022,0500000US51067,Franklin County,Virginia,51,67,66275,3805
1232,2022,0500000US51069,Frederick County,Virginia,51,69,92443,4614
1233,2022,0500000US51071,Giles County,Virginia,51,71,61987,3840
1234,2022,0500000US51073,Gloucester County,Virginia,51,73,83750,4392
1235,2022,0500000US51075,Goochland County,Virginia,51,75,105600,8544
1236,2022,0500000US51077,Grayson County,Virginia,51,77,43348,4570
1237,2022,0500000US51079,Greene County,Virginia,51,79,81338,5401
1238,2022,0500000US51081,Greensville County,Virginia,51,81,51823,7174
1239,2022,0500000US51083,Halifax County,Virginia,51,83,49145,2546
1240,2022,0500000US51085,Hanover County,Virginia,51,85,104678,3515
1241,2022,0500000US51087,Henrico County,Virginia,51,87,82424,1734
1242,2022,0500000US51089,Henry County,Virginia,51,89,43694,2612
1243,2022,0500000US51091,Highland County,Virginia,51,91,57070,8245
1244,2022,0500000US51093,Isle of Wight County,Virginia,51,93,91680,3754
1245,2022,0500000US51095,James City County,Virginia,51,95,100711,4670
1246,2022,0500000US51097,King and Queen County,Virginia,51,97,70147,18853
1247,2022,0500000US51099,King George County,Virginia,51,99,103264,8402
1248,2022,0500000US51101,King William County,Virginia,51,101,79398,9419
1249,2022,0500000US51103,Lancaster County,Virginia,51,103,62674,4452
1250,2022,0500000US51105,Lee County,Virginia,51,105,41619,5140
1251,2022,0500000US51107,Loudoun County,Virginia,51,107,170463,3497
1252,2022,0500000US51109,Louisa County,Virginia,51,109,76594,7338
1253,2022,0500000US51111,Lunenburg County,Virginia,51,111,54438,7866
1254,2022,0500000US51113,Madison County,Virginia,51,113,74586,6473
1255,2022,0500000US51115,Mathews County,Virginia,51,115,79054,14979
1256,2022,0500000US51117,Mecklenburg County,Virginia,51,117,51265,4199
1257,2022,0500000US51119,Middlesex County,Virginia,51,119,69389,6513
1258,2022,0500000US51121,Montgomery County,Virginia,51,121,65270,3554
1259,2022,0500000US51125,Nelson County,Virginia,51,125,64028,11161
1260,2022,0500000US51127,New Kent County,Virginia,51,127,113120,6953
1261,2022,0500000US51131,Northampton County,Virginia,51,131,54693,7151
1262,2022,0500000US51133,Northumberland County,Virginia,51,133,64655,9266
1263,2022,0500000US51135,Nottoway County,Virginia,51,135,62366,8677
1264,2022,0500000US51137,Orange County,Virginia,51,137,87309,8209
1265,2022,0500000US51139,Page County,Virginia,51,139,56760,4228
1266,2022,0500000US51141,Patrick County,Virginia,51,141,49180,5345
1267,2022,0500000US51143,Pittsylvania County,Virginia,51,143,52619,3032
1268,2022,0500000US51145,Powhatan County,Virginia,51,145,108089,4924
1269,2022,0500000US51147,Prince Edward County,Virginia,51,147,57304,3789
1270,2022,0500000US51149,Prince George County,Virginia,51,149,80318,5072
1271,2022,0500000US51153,Prince William County,Virginia,51,153,123193,2696
1272,2022,0500000US51155,Pulaski County,Virginia,51,155,59740,3839
1273,2022,0500000US51157,Rappahannock County,Virginia,51,157,98663,11140
1274,2022,0500000US51159,Richmond County,Virginia,51,159,62708,11642
1275,2022,0500000US51161,Roanoke County,Virginia,51,161,80872,1889
1276,2022,0500000US51163,Rockbridge County,Virginia,51,163,61903,3537
1277,2022,0500000US51165,Rockingham County,Virginia,51,165,73232,2332
1278,2022,0500000US51167,Russell County,Virginia,51,167,44088,3911
1279,2022,0500000US51169,Scott County,Virginia,51,169,44535,2841
1280,2022,0500000US51171,Shenandoah County,Virginia,51,171,62149,4154
1281,2022,0500000US51173,Smyth County,Virginia,51,173,45061,3249
1282,2022,0500000US51175,Southampton County,Virginia,51,175,67813,7247
1283,2022,0500000US51177,Spotsylvania County,Virginia,51,177,105068,4750
1284,2022,0500000US51179,Stafford County,Virginia,51,179,128036,4073
1285,2022,0500000US51181,Surry County,Virginia,51,181,68655,7518
1286,2022,0500000US51183,Sussex County,Virginia,51,183,59195,6893
1287,2022,0500000US51185,Tazewell County,Virginia,51,185,46508,3300
1288,2022,0500000US51187,Warren County,Virginia,51,187,79313,7029
1289,2022,0500000US51191,Washington County,Virginia,51,191,59116,2547
1290,2022,0500000US51193,Westmoreland County,Virginia,51,193,56647,6946
1291,2022,0500000US51195,Wise County,Virginia,51,195,47541,3057
1292,2022,0500000US51197,Wythe County,Virginia,51,197,53921,4026
1293,2022,0500000US51199,York County,Virginia,51,199,105154,3549
1294,2022,0500000US51510,Alexandria city,Virginia,51,510,113179,2531
1295,2022,0500000US51520,Bristol city,Virginia,51,520,45250,3145
1296,2022,0500000US51530,Buena Vista city,Virginia,51,530,48783,6971
1297,2022,0500000US51540,Charlottesville city,Virginia,51,540,67177,5125
1298,2022,0500000US51550,Chesapeake city,Virginia,51,550,92703,2198
1299,2022,0500000US51570,Colonial Heights city,Virginia,51,570,72216,5437
1300,2022,0500000US51580,Covington city,Virginia,51,580,45737,7034
1301,2022,0500000US51590,Danville city,Virginia,51,590,41484,3434
1302,2022,0500000US51595,Emporia city,Virginia,51,595,41442,5963
1303,2022,0500000US51600,Fairfax city,Virginia,51,600,128708,12089
1304,2022,0500000US51610,Falls Church city,Virginia,51,610,164536,13182
1305,2022,0500000US51620,Franklin city,Virginia,51,620,57537,5197
1306,2022,0500000US51630,Fredericksburg city,Virginia,51,630,83445,5309
1307,2022,0500000US51640,Galax city,Virginia,51,640,44612,9343
1308,2022,0500000US51650,Hampton city,Virginia,51,650,64430,1991
1309,2022,0500000US51660,Harrisonburg city,Virginia,51,660,56050,1802
1310,2022,0500000US51670,Hopewell city,Virginia,51,670,50661,5284
1311,2022,0500000US51678,Lexington city,Virginia,51,678,93651,19616
1312,2022,0500000US51680,Lynchburg city,Virginia,51,680,56243,2807
1313,2022,0500000US51683,Manassas city,Virginia,51,683,110559,8526
1314,2022,0500000US51685,Manassas Park city,Virginia,51,685,91673,14807
1315,2022,0500000US51690,Martinsville city,Virginia,51,690,39127,3628
1316,2022,0500000US51700,Newport News city,Virginia,51,700,63355,2100
1317,2022,0500000US51710,Norfolk city,Virginia,51,710,60998,1879
1318,2022,0500000US51720,Norton city,Virginia,51,720,36974,9394
1319,2022,0500000US51730,Petersburg city,Virginia,51,730,46930,3098
1320,2022,0500000US51735,Poquoson city,Virginia,51,735,114503,8375
1321,2022,0500000US51740,Portsmouth city,Virginia,51,740,57154,2467
1322,2022,0500000US51750,Radford city,Virginia,51,750,51039,7281
1323,2022,0500000US51760,Richmond city,Virginia,51,760,59606,2362
1324,2022,0500000US51770,Roanoke city,Virginia,51,770,51523,2303
1325,2022,0500000US51775,Salem city,Virginia,51,775,68402,4772
1326,2022,0500000US51790,Staunton city,Virginia,51,790,59731,5343
1327,2022,0500000US51800,Suffolk city,Virginia,51,800,87758,3707
1328,2022,0500000US51810,Virginia Beach city,Virginia,51,810,87544,1964
1329,2022,0500000US51820,Waynesboro city,Virginia,51,820,52519,4615
1330,2022,0500000US51830,Williamsburg city,Virginia,51,830,66815,4892
1331,2022,0500000US51840,Winchester city,Virginia,51,840,62495,4330
